productid,date,horizon,predicted_sales,actual_sales
P001,2025-01-01,1,47.0,54.0
P001,2025-02-01,2,47.0,59.0
P001,2025-03-01,3,47.0,51.0
P001,2025-04-01,4,47.0,46.0
P001,2025-05-01,5,47.0,45.0
P001,2025-06-01,6,47.0,52.0
P001,2025-07-01,7,47.0,77.0
P001,2025-08-01,8,47.0,67.0
P001,2025-09-01,9,47.0,62.0
P001,2025-10-01,10,47.0,55.0
P001,2025-11-01,11,47.0,43.0
P001,2025-12-01,12,47.0,39.0
P002,2025-01-01,1,29.0,30.0
P002,2025-02-01,2,29.0,30.0
P002,2025-03-01,3,29.0,31.0
P002,2025-04-01,4,29.0,37.0
P002,2025-05-01,5,29.0,41.0
P002,2025-06-01,6,29.0,40.0
P002,2025-07-01,7,29.0,30.0
P002,2025-08-01,8,29.0,35.0
P002,2025-09-01,9,29.0,38.0
P002,2025-10-01,10,29.0,37.0
P002,2025-11-01,11,29.0,43.0
P002,2025-12-01,12,29.0,32.0
P003,2025-01-01,1,72.0,68.0
P003,2025-02-01,2,72.0,74.0
P003,2025-03-01,3,72.0,58.0
P003,2025-04-01,4,72.0,51.0
P003,2025-05-01,5,72.0,64.0
P003,2025-06-01,6,72.0,73.0
P003,2025-07-01,7,72.0,69.0
P003,2025-08-01,8,72.0,78.0
P003,2025-09-01,9,72.0,71.0
P003,2025-10-01,10,72.0,68.0
P003,2025-11-01,11,72.0,82.0
P003,2025-12-01,12,72.0,80.0
P004,2025-01-01,1,130.0,114.0
P004,2025-02-01,2,130.0,137.0
P004,2025-03-01,3,130.0,146.0
P004,2025-04-01,4,130.0,105.0
P004,2025-05-01,5,130.0,124.0
P004,2025-06-01,6,130.0,116.0
P004,2025-07-01,7,130.0,161.0
P004,2025-08-01,8,130.0,117.0
P004,2025-09-01,9,130.0,136.0
P004,2025-10-01,10,130.0,142.0
P004,2025-11-01,11,130.0,173.0
P004,2025-12-01,12,130.0,140.0
P005,2025-01-01,1,29.0,29.0
P005,2025-02-01,2,29.0,31.0
P005,2025-03-01,3,29.0,34.0
P005,2025-04-01,4,29.0,32.0
P005,2025-05-01,5,29.0,31.0
P005,2025-06-01,6,29.0,29.0
P005,2025-07-01,7,29.0,38.0
P005,2025-08-01,8,29.0,30.0
P005,2025-09-01,9,29.0,28.0
P005,2025-10-01,10,29.0,27.0
P005,2025-11-01,11,29.0,30.0
P005,2025-12-01,12,29.0,26.0
P006,2025-01-01,1,76.0,69.0
P006,2025-02-01,2,76.0,14.0
P006,2025-03-01,3,76.0,59.0
P006,2025-04-01,4,76.0,65.0
P006,2025-05-01,5,76.0,41.0
P006,2025-06-01,6,76.0,65.0
P006,2025-07-01,7,76.0,43.0
P006,2025-08-01,8,76.0,40.0
P006,2025-09-01,9,76.0,35.0
P006,2025-10-01,10,76.0,69.0
P006,2025-11-01,11,76.0,46.0
P006,2025-12-01,12,76.0,61.0
P007,2025-01-01,1,99.0,82.0
P007,2025-02-01,2,99.0,71.0
P007,2025-03-01,3,99.0,73.0
P007,2025-04-01,4,99.0,78.0
P007,2025-05-01,5,99.0,70.0
P007,2025-06-01,6,99.0,66.0
P007,2025-07-01,7,99.0,69.0
P007,2025-08-01,8,99.0,70.0
P007,2025-09-01,9,99.0,63.0
P007,2025-10-01,10,99.0,95.0
P007,2025-11-01,11,99.0,88.0
P007,2025-12-01,12,99.0,84.0
P008,2025-01-01,1,121.0,94.0
P008,2025-02-01,2,121.0,62.0
P008,2025-03-01,3,121.0,95.0
P008,2025-04-01,4,121.0,80.0
P008,2025-05-01,5,121.0,126.0
P008,2025-06-01,6,121.0,360.0
P008,2025-07-01,7,121.0,123.0
P008,2025-08-01,8,121.0,171.0
P008,2025-09-01,9,121.0,104.0
P008,2025-10-01,10,121.0,136.0
P008,2025-11-01,11,121.0,44.0
P008,2025-12-01,12,121.0,83.0
P009,2025-01-01,1,72.0,94.0
P009,2025-02-01,2,72.0,97.0
P009,2025-03-01,3,72.0,85.0
P009,2025-04-01,4,72.0,65.0
P009,2025-05-01,5,72.0,105.0
P009,2025-06-01,6,72.0,98.0
P009,2025-07-01,7,72.0,112.0
P009,2025-08-01,8,72.0,130.0
P009,2025-09-01,9,72.0,88.0
P009,2025-10-01,10,72.0,92.0
P009,2025-11-01,11,72.0,86.0
P009,2025-12-01,12,72.0,67.0
P010,2025-01-01,1,70.0,84.0
P010,2025-02-01,2,70.0,75.0
P010,2025-03-01,3,70.0,98.0
P010,2025-04-01,4,70.0,92.0
P010,2025-05-01,5,70.0,72.0
P010,2025-06-01,6,70.0,64.0
P010,2025-07-01,7,70.0,72.0
P010,2025-08-01,8,70.0,84.0
P010,2025-09-01,9,70.0,72.0
P010,2025-10-01,10,70.0,85.0
P010,2025-11-01,11,70.0,72.0
P010,2025-12-01,12,70.0,83.0
P011,2025-01-01,1,37.0,56.0
P011,2025-02-01,2,37.0,65.0
P011,2025-03-01,3,37.0,66.0
P011,2025-04-01,4,37.0,53.0
P011,2025-05-01,5,37.0,52.0
P011,2025-06-01,6,37.0,61.0
P011,2025-07-01,7,37.0,59.0
P011,2025-08-01,8,37.0,58.0
P011,2025-09-01,9,37.0,25.0
P011,2025-10-01,10,37.0,48.0
P011,2025-11-01,11,37.0,50.0
P011,2025-12-01,12,37.0,63.0
P012,2025-01-01,1,103.0,93.0
P012,2025-02-01,2,103.0,93.0
P012,2025-03-01,3,103.0,63.0
P012,2025-04-01,4,103.0,76.0
P012,2025-05-01,5,103.0,112.0
P012,2025-06-01,6,103.0,100.0
P012,2025-07-01,7,103.0,106.0
P012,2025-08-01,8,103.0,95.0
P012,2025-09-01,9,103.0,79.0
P012,2025-10-01,10,103.0,79.0
P012,2025-11-01,11,103.0,76.0
P012,2025-12-01,12,103.0,97.0
P013,2025-01-01,1,92.0,410.0
P013,2025-02-01,2,92.0,105.0
P013,2025-03-01,3,92.0,199.0
P013,2025-04-01,4,92.0,200.0
P013,2025-05-01,5,92.0,81.0
P013,2025-06-01,6,92.0,138.0
P013,2025-07-01,7,92.0,87.0
P013,2025-08-01,8,92.0,529.0
P013,2025-09-01,9,92.0,138.0
P013,2025-10-01,10,92.0,166.0
P013,2025-11-01,11,92.0,145.0
P013,2025-12-01,12,92.0,170.0
P014,2025-01-01,1,33.0,33.0
P014,2025-02-01,2,33.0,32.0
P014,2025-03-01,3,33.0,22.0
P014,2025-04-01,4,33.0,29.0
P014,2025-05-01,5,33.0,24.0
P014,2025-06-01,6,33.0,37.0
P014,2025-07-01,7,33.0,31.0
P014,2025-08-01,8,33.0,37.0
P014,2025-09-01,9,33.0,26.0
P014,2025-10-01,10,33.0,31.0
P014,2025-11-01,11,33.0,32.0
P014,2025-12-01,12,33.0,29.0
P015,2025-01-01,1,97.0,104.0
P015,2025-02-01,2,97.0,111.0
P015,2025-03-01,3,97.0,125.0
P015,2025-04-01,4,97.0,74.0
P015,2025-05-01,5,97.0,118.0
P015,2025-06-01,6,97.0,94.0
P015,2025-07-01,7,97.0,119.0
P015,2025-08-01,8,97.0,130.0
P015,2025-09-01,9,97.0,126.0
P015,2025-10-01,10,97.0,113.0
P015,2025-11-01,11,97.0,125.0
P015,2025-12-01,12,97.0,95.0
P016,2025-01-01,1,68.0,65.0
P016,2025-02-01,2,68.0,56.0
P016,2025-03-01,3,68.0,81.0
P016,2025-04-01,4,68.0,76.0
P016,2025-05-01,5,68.0,56.0
P016,2025-06-01,6,68.0,64.0
P016,2025-07-01,7,68.0,92.0
P016,2025-08-01,8,68.0,85.0
P016,2025-09-01,9,68.0,61.0
P016,2025-10-01,10,68.0,75.0
P016,2025-11-01,11,68.0,70.0
P016,2025-12-01,12,68.0,57.0
P017,2025-01-01,1,53.0,58.0
P017,2025-02-01,2,53.0,61.0
P017,2025-03-01,3,53.0,56.0
P017,2025-04-01,4,53.0,43.0
P017,2025-05-01,5,53.0,40.0
P017,2025-06-01,6,53.0,56.0
P017,2025-07-01,7,53.0,45.0
P017,2025-08-01,8,53.0,59.0
P017,2025-09-01,9,53.0,51.0
P017,2025-10-01,10,53.0,61.0
P017,2025-11-01,11,53.0,70.0
P017,2025-12-01,12,53.0,49.0
P018,2025-01-01,1,29.0,35.0
P018,2025-02-01,2,29.0,32.0
P018,2025-03-01,3,29.0,36.0
P018,2025-04-01,4,29.0,21.0
P018,2025-05-01,5,29.0,30.0
P018,2025-06-01,6,29.0,42.0
P018,2025-07-01,7,29.0,19.0
P018,2025-08-01,8,29.0,36.0
P018,2025-09-01,9,29.0,34.0
P018,2025-10-01,10,29.0,38.0
P018,2025-11-01,11,29.0,31.0
P018,2025-12-01,12,29.0,38.0
P019,2025-01-01,1,31.0,20.0
P019,2025-02-01,2,31.0,34.0
P019,2025-03-01,3,31.0,36.0
P019,2025-04-01,4,31.0,39.0
P019,2025-05-01,5,31.0,48.0
P019,2025-06-01,6,31.0,37.0
P019,2025-07-01,7,31.0,55.0
P019,2025-08-01,8,31.0,45.0
P019,2025-09-01,9,31.0,40.0
P019,2025-10-01,10,31.0,36.0
P019,2025-11-01,11,31.0,34.0
P019,2025-12-01,12,31.0,32.0
P020,2025-01-01,1,185.0,168.0
P020,2025-02-01,2,185.0,182.0
P020,2025-03-01,3,185.0,152.0
P020,2025-04-01,4,185.0,186.0
P020,2025-05-01,5,185.0,185.0
P020,2025-06-01,6,185.0,296.0
P020,2025-07-01,7,185.0,343.0
P020,2025-08-01,8,185.0,303.0
P020,2025-09-01,9,185.0,171.0
P020,2025-10-01,10,185.0,175.0
P020,2025-11-01,11,185.0,140.0
P020,2025-12-01,12,185.0,186.0
P021,2025-01-01,1,50.0,48.0
P021,2025-02-01,2,50.0,41.0
P021,2025-03-01,3,50.0,46.0
P021,2025-04-01,4,50.0,51.0
P021,2025-05-01,5,50.0,52.0
P021,2025-06-01,6,50.0,48.0
P021,2025-07-01,7,50.0,50.0
P021,2025-08-01,8,50.0,54.0
P021,2025-09-01,9,50.0,47.0
P021,2025-10-01,10,50.0,46.0
P021,2025-11-01,11,50.0,38.0
P021,2025-12-01,12,50.0,50.0
P022,2025-01-01,1,38.0,46.0
P022,2025-02-01,2,38.0,37.0
P022,2025-03-01,3,38.0,33.0
P022,2025-04-01,4,38.0,29.0
P022,2025-05-01,5,38.0,34.0
P022,2025-06-01,6,38.0,40.0
P022,2025-07-01,7,38.0,59.0
P022,2025-08-01,8,38.0,48.0
P022,2025-09-01,9,38.0,40.0
P022,2025-10-01,10,38.0,39.0
P022,2025-11-01,11,38.0,40.0
P022,2025-12-01,12,38.0,47.0
P023,2025-01-01,1,44.0,63.0
P023,2025-02-01,2,44.0,61.0
P023,2025-03-01,3,44.0,46.0
P023,2025-04-01,4,44.0,50.0
P023,2025-05-01,5,44.0,55.0
P023,2025-06-01,6,44.0,79.0
P023,2025-07-01,7,44.0,71.0
P023,2025-08-01,8,44.0,80.0
P023,2025-09-01,9,44.0,57.0
P023,2025-10-01,10,44.0,40.0
P023,2025-11-01,11,44.0,57.0
P023,2025-12-01,12,44.0,41.0
P024,2025-01-01,1,48.0,50.0
P024,2025-02-01,2,48.0,39.0
P024,2025-03-01,3,48.0,53.0
P024,2025-04-01,4,48.0,44.0
P024,2025-05-01,5,48.0,64.0
P024,2025-06-01,6,48.0,84.0
P024,2025-07-01,7,48.0,60.0
P024,2025-08-01,8,48.0,53.0
P024,2025-09-01,9,48.0,55.0
P024,2025-10-01,10,48.0,40.0
P024,2025-11-01,11,48.0,54.0
P024,2025-12-01,12,48.0,49.0
P025,2025-01-01,1,66.0,64.0
P025,2025-02-01,2,66.0,72.0
P025,2025-03-01,3,66.0,58.0
P025,2025-04-01,4,66.0,71.0
P025,2025-05-01,5,66.0,87.0
P025,2025-06-01,6,66.0,103.0
P025,2025-07-01,7,66.0,72.0
P025,2025-08-01,8,66.0,108.0
P025,2025-09-01,9,66.0,62.0
P025,2025-10-01,10,66.0,68.0
P025,2025-11-01,11,66.0,70.0
P025,2025-12-01,12,66.0,41.0
P026,2025-01-01,1,153.0,109.0
P026,2025-02-01,2,153.0,129.0
P026,2025-03-01,3,153.0,177.0
P026,2025-04-01,4,153.0,201.0
P026,2025-05-01,5,153.0,164.0
P026,2025-06-01,6,153.0,132.0
P026,2025-07-01,7,153.0,149.0
P026,2025-08-01,8,153.0,157.0
P026,2025-09-01,9,153.0,122.0
P026,2025-10-01,10,153.0,165.0
P026,2025-11-01,11,153.0,197.0
P026,2025-12-01,12,153.0,130.0
P027,2025-01-01,1,48.0,63.0
P027,2025-02-01,2,48.0,61.0
P027,2025-03-01,3,48.0,41.0
P027,2025-04-01,4,48.0,59.0
P027,2025-05-01,5,48.0,67.0
P027,2025-06-01,6,48.0,58.0
P027,2025-07-01,7,48.0,41.0
P027,2025-08-01,8,48.0,47.0
P027,2025-09-01,9,48.0,57.0
P027,2025-10-01,10,48.0,52.0
P027,2025-11-01,11,48.0,64.0
P027,2025-12-01,12,48.0,60.0
P028,2025-01-01,1,75.0,59.0
P028,2025-02-01,2,75.0,85.0
P028,2025-03-01,3,75.0,83.0
P028,2025-04-01,4,75.0,71.0
P028,2025-05-01,5,75.0,69.0
P028,2025-06-01,6,75.0,56.0
P028,2025-07-01,7,75.0,80.0
P028,2025-08-01,8,75.0,66.0
P028,2025-09-01,9,75.0,75.0
P028,2025-10-01,10,75.0,54.0
P028,2025-11-01,11,75.0,75.0
P028,2025-12-01,12,75.0,67.0
P029,2025-01-01,1,30.0,40.0
P029,2025-02-01,2,30.0,25.0
P029,2025-03-01,3,30.0,44.0
P029,2025-04-01,4,30.0,31.0
P029,2025-05-01,5,30.0,32.0
P029,2025-06-01,6,30.0,43.0
P029,2025-07-01,7,30.0,30.0
P029,2025-08-01,8,30.0,53.0
P029,2025-09-01,9,30.0,41.0
P029,2025-10-01,10,30.0,40.0
P029,2025-11-01,11,30.0,49.0
P029,2025-12-01,12,30.0,41.0
P030,2025-01-01,1,169.0,113.0
P030,2025-02-01,2,169.0,159.0
P030,2025-03-01,3,169.0,184.0
P030,2025-04-01,4,169.0,149.0
P030,2025-05-01,5,169.0,116.0
P030,2025-06-01,6,169.0,184.0
P030,2025-07-01,7,169.0,235.0
P030,2025-08-01,8,169.0,208.0
P030,2025-09-01,9,169.0,165.0
P030,2025-10-01,10,169.0,162.0
P030,2025-11-01,11,169.0,151.0
P030,2025-12-01,12,169.0,140.0
P031,2025-01-01,1,202.0,97.0
P031,2025-02-01,2,202.0,264.0
P031,2025-03-01,3,202.0,79.0
P031,2025-04-01,4,202.0,70.0
P031,2025-05-01,5,202.0,93.0
P031,2025-06-01,6,202.0,64.0
P031,2025-07-01,7,202.0,215.0
P031,2025-08-01,8,202.0,67.0
P031,2025-09-01,9,202.0,82.0
P031,2025-10-01,10,202.0,97.0
P031,2025-11-01,11,202.0,34.0
P031,2025-12-01,12,202.0,52.0
P032,2025-01-01,1,37.0,47.0
P032,2025-02-01,2,37.0,34.0
P032,2025-03-01,3,37.0,34.0
P032,2025-04-01,4,37.0,33.0
P032,2025-05-01,5,37.0,27.0
P032,2025-06-01,6,37.0,33.0
P032,2025-07-01,7,37.0,43.0
P032,2025-08-01,8,37.0,40.0
P032,2025-09-01,9,37.0,44.0
P032,2025-10-01,10,37.0,33.0
P032,2025-11-01,11,37.0,33.0
P032,2025-12-01,12,37.0,28.0
P033,2025-01-01,1,131.0,114.0
P033,2025-02-01,2,131.0,110.0
P033,2025-03-01,3,131.0,145.0
P033,2025-04-01,4,131.0,108.0
P033,2025-05-01,5,131.0,104.0
P033,2025-06-01,6,131.0,143.0
P033,2025-07-01,7,131.0,146.0
P033,2025-08-01,8,131.0,105.0
P033,2025-09-01,9,131.0,151.0
P033,2025-10-01,10,131.0,94.0
P033,2025-11-01,11,131.0,138.0
P033,2025-12-01,12,131.0,141.0
P034,2025-01-01,1,125.0,139.0
P034,2025-02-01,2,125.0,154.0
P034,2025-03-01,3,125.0,137.0
P034,2025-04-01,4,125.0,164.0
P034,2025-05-01,5,125.0,189.0
P034,2025-06-01,6,125.0,178.0
P034,2025-07-01,7,125.0,183.0
P034,2025-08-01,8,125.0,180.0
P034,2025-09-01,9,125.0,209.0
P034,2025-10-01,10,125.0,126.0
P034,2025-11-01,11,125.0,153.0
P034,2025-12-01,12,125.0,211.0
P035,2025-01-01,1,77.0,74.0
P035,2025-02-01,2,77.0,59.0
P035,2025-03-01,3,77.0,70.0
P035,2025-04-01,4,77.0,87.0
P035,2025-05-01,5,77.0,98.0
P035,2025-06-01,6,77.0,69.0
P035,2025-07-01,7,77.0,86.0
P035,2025-08-01,8,77.0,78.0
P035,2025-09-01,9,77.0,73.0
P035,2025-10-01,10,77.0,88.0
P035,2025-11-01,11,77.0,84.0
P035,2025-12-01,12,77.0,80.0
P036,2025-01-01,1,34.0,28.0
P036,2025-02-01,2,34.0,34.0
P036,2025-03-01,3,34.0,47.0
P036,2025-04-01,4,34.0,33.0
P036,2025-05-01,5,34.0,40.0
P036,2025-06-01,6,34.0,29.0
P036,2025-07-01,7,34.0,40.0
P036,2025-08-01,8,34.0,36.0
P036,2025-09-01,9,34.0,41.0
P036,2025-10-01,10,34.0,39.0
P036,2025-11-01,11,34.0,36.0
P036,2025-12-01,12,34.0,39.0
P037,2025-01-01,1,135.0,376.0
P037,2025-02-01,2,135.0,100.0
P037,2025-03-01,3,135.0,167.0
P037,2025-04-01,4,135.0,74.0
P037,2025-05-01,5,135.0,235.0
P037,2025-06-01,6,135.0,201.0
P037,2025-07-01,7,135.0,51.0
P037,2025-08-01,8,135.0,417.0
P037,2025-09-01,9,135.0,165.0
P037,2025-10-01,10,135.0,673.0
P037,2025-11-01,11,135.0,264.0
P037,2025-12-01,12,135.0,199.0
P038,2025-01-01,1,83.0,434.0
P038,2025-02-01,2,83.0,230.0
P038,2025-03-01,3,83.0,137.0
P038,2025-04-01,4,83.0,231.0
P038,2025-05-01,5,83.0,47.0
P038,2025-06-01,6,83.0,57.0
P038,2025-07-01,7,83.0,121.0
P038,2025-08-01,8,83.0,64.0
P038,2025-09-01,9,83.0,69.0
P038,2025-10-01,10,83.0,102.0
P038,2025-11-01,11,83.0,255.0
P038,2025-12-01,12,83.0,175.0
P039,2025-01-01,1,121.0,139.0
P039,2025-02-01,2,121.0,186.0
P039,2025-03-01,3,121.0,86.0
P039,2025-04-01,4,121.0,100.0
P039,2025-05-01,5,121.0,94.0
P039,2025-06-01,6,121.0,144.0
P039,2025-07-01,7,121.0,105.0
P039,2025-08-01,8,121.0,105.0
P039,2025-09-01,9,121.0,130.0
P039,2025-10-01,10,121.0,86.0
P039,2025-11-01,11,121.0,160.0
P039,2025-12-01,12,121.0,165.0
P040,2025-01-01,1,53.0,223.0
P040,2025-02-01,2,53.0,116.0
P040,2025-03-01,3,53.0,80.0
P040,2025-04-01,4,53.0,68.0
P040,2025-05-01,5,53.0,74.0
P040,2025-06-01,6,53.0,14.0
P040,2025-07-01,7,53.0,74.0
P040,2025-08-01,8,53.0,57.0
P040,2025-09-01,9,53.0,61.0
P040,2025-10-01,10,53.0,53.0
P040,2025-11-01,11,53.0,14.0
P040,2025-12-01,12,53.0,52.0
P041,2025-01-01,1,63.0,56.0
P041,2025-02-01,2,63.0,66.0
P041,2025-03-01,3,63.0,59.0
P041,2025-04-01,4,63.0,54.0
P041,2025-05-01,5,63.0,63.0
P041,2025-06-01,6,63.0,87.0
P041,2025-07-01,7,63.0,66.0
P041,2025-08-01,8,63.0,76.0
P041,2025-09-01,9,63.0,63.0
P041,2025-10-01,10,63.0,49.0
P041,2025-11-01,11,63.0,63.0
P041,2025-12-01,12,63.0,55.0
P042,2025-01-01,1,90.0,61.0
P042,2025-02-01,2,90.0,67.0
P042,2025-03-01,3,90.0,78.0
P042,2025-04-01,4,90.0,29.0
P042,2025-05-01,5,90.0,93.0
P042,2025-06-01,6,90.0,73.0
P042,2025-07-01,7,90.0,88.0
P042,2025-08-01,8,90.0,44.0
P042,2025-09-01,9,90.0,86.0
P042,2025-10-01,10,90.0,89.0
P042,2025-11-01,11,90.0,45.0
P042,2025-12-01,12,90.0,67.0
P043,2025-01-01,1,133.0,127.0
P043,2025-02-01,2,133.0,165.0
P043,2025-03-01,3,133.0,137.0
P043,2025-04-01,4,133.0,157.0
P043,2025-05-01,5,133.0,117.0
P043,2025-06-01,6,133.0,140.0
P043,2025-07-01,7,133.0,133.0
P043,2025-08-01,8,133.0,156.0
P043,2025-09-01,9,133.0,145.0
P043,2025-10-01,10,133.0,139.0
P043,2025-11-01,11,133.0,125.0
P043,2025-12-01,12,133.0,156.0
P044,2025-01-01,1,114.0,80.0
P044,2025-02-01,2,114.0,77.0
P044,2025-03-01,3,114.0,50.0
P044,2025-04-01,4,114.0,61.0
P044,2025-05-01,5,114.0,288.0
P044,2025-06-01,6,114.0,91.0
P044,2025-07-01,7,114.0,88.0
P044,2025-08-01,8,114.0,259.0
P044,2025-09-01,9,114.0,65.0
P044,2025-10-01,10,114.0,125.0
P044,2025-11-01,11,114.0,60.0
P044,2025-12-01,12,114.0,64.0
P045,2025-01-01,1,40.0,55.0
P045,2025-02-01,2,40.0,42.0
P045,2025-03-01,3,40.0,45.0
P045,2025-04-01,4,40.0,37.0
P045,2025-05-01,5,40.0,33.0
P045,2025-06-01,6,40.0,26.0
P045,2025-07-01,7,40.0,40.0
P045,2025-08-01,8,40.0,33.0
P045,2025-09-01,9,40.0,36.0
P045,2025-10-01,10,40.0,39.0
P045,2025-11-01,11,40.0,29.0
P045,2025-12-01,12,40.0,48.0
P046,2025-01-01,1,83.0,69.0
P046,2025-02-01,2,83.0,100.0
P046,2025-03-01,3,83.0,134.0
P046,2025-04-01,4,83.0,68.0
P046,2025-05-01,5,83.0,51.0
P046,2025-06-01,6,83.0,223.0
P046,2025-07-01,7,83.0,92.0
P046,2025-08-01,8,83.0,102.0
P046,2025-09-01,9,83.0,110.0
P046,2025-10-01,10,83.0,56.0
P046,2025-11-01,11,83.0,148.0
P046,2025-12-01,12,83.0,112.0
P047,2025-01-01,1,372.0,157.0
P047,2025-02-01,2,372.0,159.0
P047,2025-03-01,3,372.0,229.0
P047,2025-04-01,4,372.0,682.0
P047,2025-05-01,5,372.0,228.0
P047,2025-06-01,6,372.0,927.0
P047,2025-07-01,7,372.0,162.0
P047,2025-08-01,8,372.0,217.0
P047,2025-09-01,9,372.0,80.0
P047,2025-10-01,10,372.0,192.0
P047,2025-11-01,11,372.0,107.0
P047,2025-12-01,12,372.0,124.0
P048,2025-01-01,1,56.0,116.0
P048,2025-02-01,2,56.0,354.0
P048,2025-03-01,3,56.0,107.0
P048,2025-04-01,4,56.0,51.0
P048,2025-05-01,5,56.0,49.0
P048,2025-06-01,6,56.0,219.0
P048,2025-07-01,7,56.0,52.0
P048,2025-08-01,8,56.0,89.0
P048,2025-09-01,9,56.0,42.0
P048,2025-10-01,10,56.0,95.0
P048,2025-11-01,11,56.0,135.0
P048,2025-12-01,12,56.0,44.0
P049,2025-01-01,1,71.0,82.0
P049,2025-02-01,2,71.0,66.0
P049,2025-03-01,3,71.0,61.0
P049,2025-04-01,4,71.0,70.0
P049,2025-05-01,5,71.0,94.0
P049,2025-06-01,6,71.0,89.0
P049,2025-07-01,7,71.0,92.0
P049,2025-08-01,8,71.0,74.0
P049,2025-09-01,9,71.0,82.0
P049,2025-10-01,10,71.0,70.0
P049,2025-11-01,11,71.0,57.0
P049,2025-12-01,12,71.0,52.0
P050,2025-01-01,1,41.0,32.0
P050,2025-02-01,2,41.0,32.0
P050,2025-03-01,3,41.0,36.0
P050,2025-04-01,4,41.0,24.0
P050,2025-05-01,5,41.0,30.0
P050,2025-06-01,6,41.0,40.0
P050,2025-07-01,7,41.0,40.0
P050,2025-08-01,8,41.0,49.0
P050,2025-09-01,9,41.0,32.0
P050,2025-10-01,10,41.0,33.0
P050,2025-11-01,11,41.0,29.0
P050,2025-12-01,12,41.0,26.0
P051,2025-01-01,1,30.0,26.0
P051,2025-02-01,2,30.0,29.0
P051,2025-03-01,3,30.0,42.0
P051,2025-04-01,4,30.0,34.0
P051,2025-05-01,5,30.0,36.0
P051,2025-06-01,6,30.0,30.0
P051,2025-07-01,7,30.0,25.0
P051,2025-08-01,8,30.0,33.0
P051,2025-09-01,9,30.0,31.0
P051,2025-10-01,10,30.0,43.0
P051,2025-11-01,11,30.0,30.0
P051,2025-12-01,12,30.0,34.0
P052,2025-01-01,1,37.0,42.0
P052,2025-02-01,2,37.0,54.0
P052,2025-03-01,3,37.0,41.0
P052,2025-04-01,4,37.0,53.0
P052,2025-05-01,5,37.0,54.0
P052,2025-06-01,6,37.0,76.0
P052,2025-07-01,7,37.0,53.0
P052,2025-08-01,8,37.0,67.0
P052,2025-09-01,9,37.0,48.0
P052,2025-10-01,10,37.0,39.0
P052,2025-11-01,11,37.0,39.0
P052,2025-12-01,12,37.0,41.0
P053,2025-01-01,1,50.0,49.0
P053,2025-02-01,2,50.0,58.0
P053,2025-03-01,3,50.0,65.0
P053,2025-04-01,4,50.0,51.0
P053,2025-05-01,5,50.0,63.0
P053,2025-06-01,6,50.0,69.0
P053,2025-07-01,7,50.0,69.0
P053,2025-08-01,8,50.0,79.0
P053,2025-09-01,9,50.0,68.0
P053,2025-10-01,10,50.0,56.0
P053,2025-11-01,11,50.0,48.0
P053,2025-12-01,12,50.0,54.0
P054,2025-01-01,1,90.0,78.0
P054,2025-02-01,2,90.0,80.0
P054,2025-03-01,3,90.0,68.0
P054,2025-04-01,4,90.0,77.0
P054,2025-05-01,5,90.0,103.0
P054,2025-06-01,6,90.0,99.0
P054,2025-07-01,7,90.0,83.0
P054,2025-08-01,8,90.0,87.0
P054,2025-09-01,9,90.0,92.0
P054,2025-10-01,10,90.0,84.0
P054,2025-11-01,11,90.0,69.0
P054,2025-12-01,12,90.0,76.0
P055,2025-01-01,1,60.0,51.0
P055,2025-02-01,2,60.0,80.0
P055,2025-03-01,3,60.0,62.0
P055,2025-04-01,4,60.0,76.0
P055,2025-05-01,5,60.0,75.0
P055,2025-06-01,6,60.0,87.0
P055,2025-07-01,7,60.0,66.0
P055,2025-08-01,8,60.0,67.0
P055,2025-09-01,9,60.0,87.0
P055,2025-10-01,10,60.0,85.0
P055,2025-11-01,11,60.0,73.0
P055,2025-12-01,12,60.0,76.0
P056,2025-01-01,1,171.0,205.0
P056,2025-02-01,2,171.0,187.0
P056,2025-03-01,3,171.0,191.0
P056,2025-04-01,4,171.0,145.0
P056,2025-05-01,5,171.0,429.0
P056,2025-06-01,6,171.0,258.0
P056,2025-07-01,7,171.0,211.0
P056,2025-08-01,8,171.0,187.0
P056,2025-09-01,9,171.0,314.0
P056,2025-10-01,10,171.0,194.0
P056,2025-11-01,11,171.0,226.0
P056,2025-12-01,12,171.0,283.0
P057,2025-01-01,1,70.0,54.0
P057,2025-02-01,2,70.0,86.0
P057,2025-03-01,3,70.0,79.0
P057,2025-04-01,4,70.0,57.0
P057,2025-05-01,5,70.0,57.0
P057,2025-06-01,6,70.0,67.0
P057,2025-07-01,7,70.0,62.0
P057,2025-08-01,8,70.0,65.0
P057,2025-09-01,9,70.0,72.0
P057,2025-10-01,10,70.0,64.0
P057,2025-11-01,11,70.0,80.0
P057,2025-12-01,12,70.0,74.0
P058,2025-01-01,1,126.0,113.0
P058,2025-02-01,2,126.0,135.0
P058,2025-03-01,3,126.0,129.0
P058,2025-04-01,4,126.0,110.0
P058,2025-05-01,5,126.0,149.0
P058,2025-06-01,6,126.0,145.0
P058,2025-07-01,7,126.0,141.0
P058,2025-08-01,8,126.0,123.0
P058,2025-09-01,9,126.0,150.0
P058,2025-10-01,10,126.0,123.0
P058,2025-11-01,11,126.0,116.0
P058,2025-12-01,12,126.0,96.0
P059,2025-01-01,1,96.0,83.0
P059,2025-02-01,2,96.0,72.0
P059,2025-03-01,3,96.0,58.0
P059,2025-04-01,4,96.0,92.0
P059,2025-05-01,5,96.0,63.0
P059,2025-06-01,6,96.0,46.0
P059,2025-07-01,7,96.0,53.0
P059,2025-08-01,8,96.0,70.0
P059,2025-09-01,9,96.0,61.0
P059,2025-10-01,10,96.0,66.0
P059,2025-11-01,11,96.0,76.0
P059,2025-12-01,12,96.0,88.0
P060,2025-01-01,1,149.0,140.0
P060,2025-02-01,2,149.0,194.0
P060,2025-03-01,3,149.0,159.0
P060,2025-04-01,4,149.0,191.0
P060,2025-05-01,5,149.0,161.0
P060,2025-06-01,6,149.0,210.0
P060,2025-07-01,7,149.0,180.0
P060,2025-08-01,8,149.0,194.0
P060,2025-09-01,9,149.0,167.0
P060,2025-10-01,10,149.0,158.0
P060,2025-11-01,11,149.0,162.0
P060,2025-12-01,12,149.0,171.0
P061,2025-01-01,1,36.0,33.0
P061,2025-02-01,2,36.0,37.0
P061,2025-03-01,3,36.0,32.0
P061,2025-04-01,4,36.0,35.0
P061,2025-05-01,5,36.0,43.0
P061,2025-06-01,6,36.0,25.0
P061,2025-07-01,7,36.0,33.0
P061,2025-08-01,8,36.0,34.0
P061,2025-09-01,9,36.0,36.0
P061,2025-10-01,10,36.0,32.0
P061,2025-11-01,11,36.0,37.0
P061,2025-12-01,12,36.0,38.0
P062,2025-01-01,1,50.0,49.0
P062,2025-02-01,2,50.0,43.0
P062,2025-03-01,3,50.0,38.0
P062,2025-04-01,4,50.0,55.0
P062,2025-05-01,5,50.0,55.0
P062,2025-06-01,6,50.0,72.0
P062,2025-07-01,7,50.0,80.0
P062,2025-08-01,8,50.0,70.0
P062,2025-09-01,9,50.0,63.0
P062,2025-10-01,10,50.0,46.0
P062,2025-11-01,11,50.0,59.0
P062,2025-12-01,12,50.0,60.0
P063,2025-01-01,1,124.0,112.0
P063,2025-02-01,2,124.0,143.0
P063,2025-03-01,3,124.0,137.0
P063,2025-04-01,4,124.0,129.0
P063,2025-05-01,5,124.0,120.0
P063,2025-06-01,6,124.0,140.0
P063,2025-07-01,7,124.0,168.0
P063,2025-08-01,8,124.0,188.0
P063,2025-09-01,9,124.0,156.0
P063,2025-10-01,10,124.0,115.0
P063,2025-11-01,11,124.0,121.0
P063,2025-12-01,12,124.0,140.0
P064,2025-01-01,1,67.0,59.0
P064,2025-02-01,2,67.0,67.0
P064,2025-03-01,3,67.0,88.0
P064,2025-04-01,4,67.0,74.0
P064,2025-05-01,5,67.0,67.0
P064,2025-06-01,6,67.0,80.0
P064,2025-07-01,7,67.0,92.0
P064,2025-08-01,8,67.0,97.0
P064,2025-09-01,9,67.0,60.0
P064,2025-10-01,10,67.0,71.0
P064,2025-11-01,11,67.0,74.0
P064,2025-12-01,12,67.0,80.0
P065,2025-01-01,1,137.0,111.0
P065,2025-02-01,2,137.0,112.0
P065,2025-03-01,3,137.0,107.0
P065,2025-04-01,4,137.0,121.0
P065,2025-05-01,5,137.0,130.0
P065,2025-06-01,6,137.0,166.0
P065,2025-07-01,7,137.0,165.0
P065,2025-08-01,8,137.0,125.0
P065,2025-09-01,9,137.0,145.0
P065,2025-10-01,10,137.0,96.0
P065,2025-11-01,11,137.0,116.0
P065,2025-12-01,12,137.0,144.0
P066,2025-01-01,1,91.0,121.0
P066,2025-02-01,2,91.0,76.0
P066,2025-03-01,3,91.0,94.0
P066,2025-04-01,4,91.0,98.0
P066,2025-05-01,5,91.0,126.0
P066,2025-06-01,6,91.0,81.0
P066,2025-07-01,7,91.0,84.0
P066,2025-08-01,8,91.0,80.0
P066,2025-09-01,9,91.0,53.0
P066,2025-10-01,10,91.0,132.0
P066,2025-11-01,11,91.0,98.0
P066,2025-12-01,12,91.0,46.0
P067,2025-01-01,1,103.0,95.0
P067,2025-02-01,2,103.0,90.0
P067,2025-03-01,3,103.0,140.0
P067,2025-04-01,4,103.0,101.0
P067,2025-05-01,5,103.0,120.0
P067,2025-06-01,6,103.0,170.0
P067,2025-07-01,7,103.0,136.0
P067,2025-08-01,8,103.0,155.0
P067,2025-09-01,9,103.0,125.0
P067,2025-10-01,10,103.0,109.0
P067,2025-11-01,11,103.0,133.0
P067,2025-12-01,12,103.0,107.0
P068,2025-01-01,1,109.0,251.0
P068,2025-02-01,2,109.0,193.0
P068,2025-03-01,3,109.0,309.0
P068,2025-04-01,4,109.0,25.0
P068,2025-05-01,5,109.0,114.0
P068,2025-06-01,6,109.0,109.0
P068,2025-07-01,7,109.0,104.0
P068,2025-08-01,8,109.0,127.0
P068,2025-09-01,9,109.0,76.0
P068,2025-10-01,10,109.0,92.0
P068,2025-11-01,11,109.0,53.0
P068,2025-12-01,12,109.0,75.0
P069,2025-01-01,1,111.0,108.0
P069,2025-02-01,2,111.0,84.0
P069,2025-03-01,3,111.0,103.0
P069,2025-04-01,4,111.0,77.0
P069,2025-05-01,5,111.0,87.0
P069,2025-06-01,6,111.0,109.0
P069,2025-07-01,7,111.0,92.0
P069,2025-08-01,8,111.0,88.0
P069,2025-09-01,9,111.0,85.0
P069,2025-10-01,10,111.0,121.0
P069,2025-11-01,11,111.0,94.0
P069,2025-12-01,12,111.0,105.0
P070,2025-01-01,1,203.0,103.0
P070,2025-02-01,2,203.0,137.0
P070,2025-03-01,3,203.0,117.0
P070,2025-04-01,4,203.0,142.0
P070,2025-05-01,5,203.0,136.0
P070,2025-06-01,6,203.0,238.0
P070,2025-07-01,7,203.0,214.0
P070,2025-08-01,8,203.0,195.0
P070,2025-09-01,9,203.0,146.0
P070,2025-10-01,10,203.0,159.0
P070,2025-11-01,11,203.0,157.0
P070,2025-12-01,12,203.0,162.0
P071,2025-01-01,1,102.0,140.0
P071,2025-02-01,2,102.0,137.0
P071,2025-03-01,3,102.0,106.0
P071,2025-04-01,4,102.0,97.0
P071,2025-05-01,5,102.0,125.0
P071,2025-06-01,6,102.0,115.0
P071,2025-07-01,7,102.0,110.0
P071,2025-08-01,8,102.0,101.0
P071,2025-09-01,9,102.0,100.0
P071,2025-10-01,10,102.0,112.0
P071,2025-11-01,11,102.0,124.0
P071,2025-12-01,12,102.0,108.0
P072,2025-01-01,1,165.0,135.0
P072,2025-02-01,2,165.0,176.0
P072,2025-03-01,3,165.0,111.0
P072,2025-04-01,4,165.0,107.0
P072,2025-05-01,5,165.0,110.0
P072,2025-06-01,6,165.0,166.0
P072,2025-07-01,7,165.0,133.0
P072,2025-08-01,8,165.0,117.0
P072,2025-09-01,9,165.0,115.0
P072,2025-10-01,10,165.0,127.0
P072,2025-11-01,11,165.0,139.0
P072,2025-12-01,12,165.0,133.0
P073,2025-01-01,1,361.0,197.0
P073,2025-02-01,2,361.0,12.0
P073,2025-03-01,3,361.0,106.0
P073,2025-04-01,4,361.0,200.0
P073,2025-05-01,5,361.0,64.0
P073,2025-06-01,6,361.0,100.0
P073,2025-07-01,7,361.0,104.0
P073,2025-08-01,8,361.0,104.0
P073,2025-09-01,9,361.0,115.0
P073,2025-10-01,10,361.0,110.0
P073,2025-11-01,11,361.0,28.0
P073,2025-12-01,12,361.0,99.0
P074,2025-01-01,1,50.0,39.0
P074,2025-02-01,2,50.0,52.0
P074,2025-03-01,3,50.0,59.0
P074,2025-04-01,4,50.0,48.0
P074,2025-05-01,5,50.0,53.0
P074,2025-06-01,6,50.0,57.0
P074,2025-07-01,7,50.0,67.0
P074,2025-08-01,8,50.0,68.0
P074,2025-09-01,9,50.0,40.0
P074,2025-10-01,10,50.0,39.0
P074,2025-11-01,11,50.0,40.0
P074,2025-12-01,12,50.0,47.0
P075,2025-01-01,1,46.0,49.0
P075,2025-02-01,2,46.0,61.0
P075,2025-03-01,3,46.0,59.0
P075,2025-04-01,4,46.0,60.0
P075,2025-05-01,5,46.0,60.0
P075,2025-06-01,6,46.0,64.0
P075,2025-07-01,7,46.0,59.0
P075,2025-08-01,8,46.0,34.0
P075,2025-09-01,9,46.0,58.0
P075,2025-10-01,10,46.0,57.0
P075,2025-11-01,11,46.0,51.0
P075,2025-12-01,12,46.0,41.0
P076,2025-01-01,1,100.0,97.0
P076,2025-02-01,2,100.0,98.0
P076,2025-03-01,3,100.0,92.0
P076,2025-04-01,4,100.0,97.0
P076,2025-05-01,5,100.0,116.0
P076,2025-06-01,6,100.0,135.0
P076,2025-07-01,7,100.0,101.0
P076,2025-08-01,8,100.0,129.0
P076,2025-09-01,9,100.0,93.0
P076,2025-10-01,10,100.0,104.0
P076,2025-11-01,11,100.0,117.0
P076,2025-12-01,12,100.0,111.0
P077,2025-01-01,1,42.0,31.0
P077,2025-02-01,2,42.0,22.0
P077,2025-03-01,3,42.0,32.0
P077,2025-04-01,4,42.0,34.0
P077,2025-05-01,5,42.0,34.0
P077,2025-06-01,6,42.0,31.0
P077,2025-07-01,7,42.0,37.0
P077,2025-08-01,8,42.0,30.0
P077,2025-09-01,9,42.0,30.0
P077,2025-10-01,10,42.0,17.0
P077,2025-11-01,11,42.0,21.0
P077,2025-12-01,12,42.0,31.0
P078,2025-01-01,1,38.0,68.0
P078,2025-02-01,2,38.0,37.0
P078,2025-03-01,3,38.0,32.0
P078,2025-04-01,4,38.0,22.0
P078,2025-05-01,5,38.0,50.0
P078,2025-06-01,6,38.0,44.0
P078,2025-07-01,7,38.0,40.0
P078,2025-08-01,8,38.0,25.0
P078,2025-09-01,9,38.0,79.0
P078,2025-10-01,10,38.0,141.0
P078,2025-11-01,11,38.0,24.0
P078,2025-12-01,12,38.0,11.0
P079,2025-01-01,1,51.0,48.0
P079,2025-02-01,2,51.0,54.0
P079,2025-03-01,3,51.0,37.0
P079,2025-04-01,4,51.0,37.0
P079,2025-05-01,5,51.0,46.0
P079,2025-06-01,6,51.0,44.0
P079,2025-07-01,7,51.0,42.0
P079,2025-08-01,8,51.0,41.0
P079,2025-09-01,9,51.0,40.0
P079,2025-10-01,10,51.0,55.0
P079,2025-11-01,11,51.0,52.0
P079,2025-12-01,12,51.0,43.0
P080,2025-01-01,1,54.0,70.0
P080,2025-02-01,2,54.0,40.0
P080,2025-03-01,3,54.0,39.0
P080,2025-04-01,4,54.0,42.0
P080,2025-05-01,5,54.0,225.0
P080,2025-06-01,6,54.0,63.0
P080,2025-07-01,7,54.0,56.0
P080,2025-08-01,8,54.0,72.0
P080,2025-09-01,9,54.0,30.0
P080,2025-10-01,10,54.0,46.0
P080,2025-11-01,11,54.0,88.0
P080,2025-12-01,12,54.0,57.0
P081,2025-01-01,1,38.0,27.0
P081,2025-02-01,2,38.0,29.0
P081,2025-03-01,3,38.0,31.0
P081,2025-04-01,4,38.0,40.0
P081,2025-05-01,5,38.0,28.0
P081,2025-06-01,6,38.0,37.0
P081,2025-07-01,7,38.0,37.0
P081,2025-08-01,8,38.0,39.0
P081,2025-09-01,9,38.0,30.0
P081,2025-10-01,10,38.0,37.0
P081,2025-11-01,11,38.0,33.0
P081,2025-12-01,12,38.0,35.0
P082,2025-01-01,1,263.0,146.0
P082,2025-02-01,2,263.0,199.0
P082,2025-03-01,3,263.0,114.0
P082,2025-04-01,4,263.0,234.0
P082,2025-05-01,5,263.0,409.0
P082,2025-06-01,6,263.0,121.0
P082,2025-07-01,7,263.0,352.0
P082,2025-08-01,8,263.0,166.0
P082,2025-09-01,9,263.0,235.0
P082,2025-10-01,10,263.0,107.0
P082,2025-11-01,11,263.0,197.0
P082,2025-12-01,12,263.0,82.0
P083,2025-01-01,1,100.0,111.0
P083,2025-02-01,2,100.0,109.0
P083,2025-03-01,3,100.0,107.0
P083,2025-04-01,4,100.0,100.0
P083,2025-05-01,5,100.0,102.0
P083,2025-06-01,6,100.0,170.0
P083,2025-07-01,7,100.0,142.0
P083,2025-08-01,8,100.0,154.0
P083,2025-09-01,9,100.0,152.0
P083,2025-10-01,10,100.0,116.0
P083,2025-11-01,11,100.0,86.0
P083,2025-12-01,12,100.0,85.0
P084,2025-01-01,1,214.0,190.0
P084,2025-02-01,2,214.0,145.0
P084,2025-03-01,3,214.0,622.0
P084,2025-04-01,4,214.0,503.0
P084,2025-05-01,5,214.0,315.0
P084,2025-06-01,6,214.0,411.0
P084,2025-07-01,7,214.0,267.0
P084,2025-08-01,8,214.0,201.0
P084,2025-09-01,9,214.0,82.0
P084,2025-10-01,10,214.0,242.0
P084,2025-11-01,11,214.0,209.0
P084,2025-12-01,12,214.0,151.0
P085,2025-01-01,1,116.0,190.0
P085,2025-02-01,2,116.0,178.0
P085,2025-03-01,3,116.0,134.0
P085,2025-04-01,4,116.0,150.0
P085,2025-05-01,5,116.0,115.0
P085,2025-06-01,6,116.0,126.0
P085,2025-07-01,7,116.0,142.0
P085,2025-08-01,8,116.0,108.0
P085,2025-09-01,9,116.0,137.0
P085,2025-10-01,10,116.0,137.0
P085,2025-11-01,11,116.0,141.0
P085,2025-12-01,12,116.0,187.0
P086,2025-01-01,1,138.0,146.0
P086,2025-02-01,2,138.0,132.0
P086,2025-03-01,3,138.0,120.0
P086,2025-04-01,4,138.0,122.0
P086,2025-05-01,5,138.0,106.0
P086,2025-06-01,6,138.0,132.0
P086,2025-07-01,7,138.0,159.0
P086,2025-08-01,8,138.0,134.0
P086,2025-09-01,9,138.0,126.0
P086,2025-10-01,10,138.0,142.0
P086,2025-11-01,11,138.0,122.0
P086,2025-12-01,12,138.0,127.0
P087,2025-01-01,1,283.0,278.0
P087,2025-02-01,2,283.0,208.0
P087,2025-03-01,3,283.0,191.0
P087,2025-04-01,4,283.0,132.0
P087,2025-05-01,5,283.0,212.0
P087,2025-06-01,6,283.0,262.0
P087,2025-07-01,7,283.0,257.0
P087,2025-08-01,8,283.0,275.0
P087,2025-09-01,9,283.0,291.0
P087,2025-10-01,10,283.0,182.0
P087,2025-11-01,11,283.0,285.0
P087,2025-12-01,12,283.0,270.0
P088,2025-01-01,1,48.0,37.0
P088,2025-02-01,2,48.0,44.0
P088,2025-03-01,3,48.0,46.0
P088,2025-04-01,4,48.0,41.0
P088,2025-05-01,5,48.0,49.0
P088,2025-06-01,6,48.0,47.0
P088,2025-07-01,7,48.0,46.0
P088,2025-08-01,8,48.0,48.0
P088,2025-09-01,9,48.0,61.0
P088,2025-10-01,10,48.0,43.0
P088,2025-11-01,11,48.0,57.0
P088,2025-12-01,12,48.0,52.0
P089,2025-01-01,1,28.0,24.0
P089,2025-02-01,2,28.0,38.0
P089,2025-03-01,3,28.0,28.0
P089,2025-04-01,4,28.0,32.0
P089,2025-05-01,5,28.0,35.0
P089,2025-06-01,6,28.0,31.0
P089,2025-07-01,7,28.0,31.0
P089,2025-08-01,8,28.0,42.0
P089,2025-09-01,9,28.0,36.0
P089,2025-10-01,10,28.0,38.0
P089,2025-11-01,11,28.0,33.0
P089,2025-12-01,12,28.0,36.0
P090,2025-01-01,1,63.0,70.0
P090,2025-02-01,2,63.0,62.0
P090,2025-03-01,3,63.0,58.0
P090,2025-04-01,4,63.0,67.0
P090,2025-05-01,5,63.0,78.0
P090,2025-06-01,6,63.0,68.0
P090,2025-07-01,7,63.0,62.0
P090,2025-08-01,8,63.0,72.0
P090,2025-09-01,9,63.0,63.0
P090,2025-10-01,10,63.0,66.0
P090,2025-11-01,11,63.0,56.0
P090,2025-12-01,12,63.0,84.0
P091,2025-01-01,1,60.0,42.0
P091,2025-02-01,2,60.0,39.0
P091,2025-03-01,3,60.0,37.0
P091,2025-04-01,4,60.0,36.0
P091,2025-05-01,5,60.0,78.0
P091,2025-06-01,6,60.0,48.0
P091,2025-07-01,7,60.0,67.0
P091,2025-08-01,8,60.0,79.0
P091,2025-09-01,9,60.0,65.0
P091,2025-10-01,10,60.0,48.0
P091,2025-11-01,11,60.0,48.0
P091,2025-12-01,12,60.0,18.0
P092,2025-01-01,1,50.0,55.0
P092,2025-02-01,2,50.0,54.0
P092,2025-03-01,3,50.0,76.0
P092,2025-04-01,4,50.0,44.0
P092,2025-05-01,5,50.0,290.0
P092,2025-06-01,6,50.0,123.0
P092,2025-07-01,7,50.0,43.0
P092,2025-08-01,8,50.0,72.0
P092,2025-09-01,9,50.0,93.0
P092,2025-10-01,10,50.0,83.0
P092,2025-11-01,11,50.0,52.0
P092,2025-12-01,12,50.0,80.0
P093,2025-01-01,1,39.0,49.0
P093,2025-02-01,2,39.0,37.0
P093,2025-03-01,3,39.0,40.0
P093,2025-04-01,4,39.0,28.0
P093,2025-05-01,5,39.0,25.0
P093,2025-06-01,6,39.0,42.0
P093,2025-07-01,7,39.0,42.0
P093,2025-08-01,8,39.0,32.0
P093,2025-09-01,9,39.0,39.0
P093,2025-10-01,10,39.0,43.0
P093,2025-11-01,11,39.0,37.0
P093,2025-12-01,12,39.0,34.0
P094,2025-01-01,1,93.0,117.0
P094,2025-02-01,2,93.0,97.0
P094,2025-03-01,3,93.0,108.0
P094,2025-04-01,4,93.0,95.0
P094,2025-05-01,5,93.0,99.0
P094,2025-06-01,6,93.0,146.0
P094,2025-07-01,7,93.0,117.0
P094,2025-08-01,8,93.0,156.0
P094,2025-09-01,9,93.0,115.0
P094,2025-10-01,10,93.0,107.0
P094,2025-11-01,11,93.0,110.0
P094,2025-12-01,12,93.0,110.0
P095,2025-01-01,1,109.0,106.0
P095,2025-02-01,2,109.0,114.0
P095,2025-03-01,3,109.0,102.0
P095,2025-04-01,4,109.0,81.0
P095,2025-05-01,5,109.0,56.0
P095,2025-06-01,6,109.0,104.0
P095,2025-07-01,7,109.0,136.0
P095,2025-08-01,8,109.0,121.0
P095,2025-09-01,9,109.0,85.0
P095,2025-10-01,10,109.0,75.0
P095,2025-11-01,11,109.0,75.0
P095,2025-12-01,12,109.0,85.0
P096,2025-01-01,1,64.0,47.0
P096,2025-02-01,2,64.0,66.0
P096,2025-03-01,3,64.0,65.0
P096,2025-04-01,4,64.0,69.0
P096,2025-05-01,5,64.0,67.0
P096,2025-06-01,6,64.0,92.0
P096,2025-07-01,7,64.0,81.0
P096,2025-08-01,8,64.0,108.0
P096,2025-09-01,9,64.0,62.0
P096,2025-10-01,10,64.0,56.0
P096,2025-11-01,11,64.0,62.0
P096,2025-12-01,12,64.0,46.0
P097,2025-01-01,1,63.0,87.0
P097,2025-02-01,2,63.0,84.0
P097,2025-03-01,3,63.0,81.0
P097,2025-04-01,4,63.0,86.0
P097,2025-05-01,5,63.0,92.0
P097,2025-06-01,6,63.0,89.0
P097,2025-07-01,7,63.0,58.0
P097,2025-08-01,8,63.0,79.0
P097,2025-09-01,9,63.0,87.0
P097,2025-10-01,10,63.0,83.0
P097,2025-11-01,11,63.0,76.0
P097,2025-12-01,12,63.0,81.0
P098,2025-01-01,1,62.0,62.0
P098,2025-02-01,2,62.0,75.0
P098,2025-03-01,3,62.0,67.0
P098,2025-04-01,4,62.0,73.0
P098,2025-05-01,5,62.0,72.0
P098,2025-06-01,6,62.0,53.0
P098,2025-07-01,7,62.0,63.0
P098,2025-08-01,8,62.0,72.0
P098,2025-09-01,9,62.0,76.0
P098,2025-10-01,10,62.0,70.0
P098,2025-11-01,11,62.0,47.0
P098,2025-12-01,12,62.0,68.0
P099,2025-01-01,1,67.0,66.0
P099,2025-02-01,2,67.0,109.0
P099,2025-03-01,3,67.0,89.0
P099,2025-04-01,4,67.0,86.0
P099,2025-05-01,5,67.0,115.0
P099,2025-06-01,6,67.0,64.0
P099,2025-07-01,7,67.0,139.0
P099,2025-08-01,8,67.0,83.0
P099,2025-09-01,9,67.0,171.0
P099,2025-10-01,10,67.0,115.0
P099,2025-11-01,11,67.0,67.0
P099,2025-12-01,12,67.0,150.0
P100,2025-01-01,1,23.0,102.0
P100,2025-02-01,2,23.0,63.0
P100,2025-03-01,3,23.0,55.0
P100,2025-04-01,4,23.0,60.0
P100,2025-05-01,5,23.0,69.0
P100,2025-06-01,6,23.0,105.0
P100,2025-07-01,7,23.0,67.0
P100,2025-08-01,8,23.0,84.0
P100,2025-09-01,9,23.0,60.0
P100,2025-10-01,10,23.0,104.0
P100,2025-11-01,11,23.0,177.0
P100,2025-12-01,12,23.0,56.0
P101,2025-01-01,1,42.0,47.0
P101,2025-02-01,2,42.0,62.0
P101,2025-03-01,3,42.0,78.0
P101,2025-04-01,4,42.0,63.0
P101,2025-05-01,5,42.0,82.0
P101,2025-06-01,6,42.0,47.0
P101,2025-07-01,7,42.0,58.0
P101,2025-08-01,8,42.0,62.0
P101,2025-09-01,9,42.0,58.0
P101,2025-10-01,10,42.0,68.0
P101,2025-11-01,11,42.0,50.0
P101,2025-12-01,12,42.0,51.0
P102,2025-01-01,1,91.0,322.0
P102,2025-02-01,2,91.0,140.0
P102,2025-03-01,3,91.0,63.0
P102,2025-04-01,4,91.0,175.0
P102,2025-05-01,5,91.0,66.0
P102,2025-06-01,6,91.0,155.0
P102,2025-07-01,7,91.0,52.0
P102,2025-08-01,8,91.0,93.0
P102,2025-09-01,9,91.0,69.0
P102,2025-10-01,10,91.0,150.0
P102,2025-11-01,11,91.0,374.0
P102,2025-12-01,12,91.0,88.0
P103,2025-01-01,1,157.0,138.0
P103,2025-02-01,2,157.0,164.0
P103,2025-03-01,3,157.0,137.0
P103,2025-04-01,4,157.0,164.0
P103,2025-05-01,5,157.0,175.0
P103,2025-06-01,6,157.0,163.0
P103,2025-07-01,7,157.0,156.0
P103,2025-08-01,8,157.0,148.0
P103,2025-09-01,9,157.0,127.0
P103,2025-10-01,10,157.0,148.0
P103,2025-11-01,11,157.0,169.0
P103,2025-12-01,12,157.0,121.0
P104,2025-01-01,1,150.0,158.0
P104,2025-02-01,2,150.0,186.0
P104,2025-03-01,3,150.0,123.0
P104,2025-04-01,4,150.0,136.0
P104,2025-05-01,5,150.0,139.0
P104,2025-06-01,6,150.0,125.0
P104,2025-07-01,7,150.0,123.0
P104,2025-08-01,8,150.0,142.0
P104,2025-09-01,9,150.0,161.0
P104,2025-10-01,10,150.0,121.0
P104,2025-11-01,11,150.0,157.0
P104,2025-12-01,12,150.0,161.0
P105,2025-01-01,1,36.0,35.0
P105,2025-02-01,2,36.0,37.0
P105,2025-03-01,3,36.0,46.0
P105,2025-04-01,4,36.0,43.0
P105,2025-05-01,5,36.0,28.0
P105,2025-06-01,6,36.0,48.0
P105,2025-07-01,7,36.0,42.0
P105,2025-08-01,8,36.0,34.0
P105,2025-09-01,9,36.0,38.0
P105,2025-10-01,10,36.0,37.0
P105,2025-11-01,11,36.0,32.0
P105,2025-12-01,12,36.0,40.0
P106,2025-01-01,1,44.0,50.0
P106,2025-02-01,2,44.0,47.0
P106,2025-03-01,3,44.0,41.0
P106,2025-04-01,4,44.0,53.0
P106,2025-05-01,5,44.0,53.0
P106,2025-06-01,6,44.0,70.0
P106,2025-07-01,7,44.0,66.0
P106,2025-08-01,8,44.0,64.0
P106,2025-09-01,9,44.0,43.0
P106,2025-10-01,10,44.0,46.0
P106,2025-11-01,11,44.0,58.0
P106,2025-12-01,12,44.0,50.0
P107,2025-01-01,1,26.0,36.0
P107,2025-02-01,2,26.0,26.0
P107,2025-03-01,3,26.0,31.0
P107,2025-04-01,4,26.0,31.0
P107,2025-05-01,5,26.0,32.0
P107,2025-06-01,6,26.0,44.0
P107,2025-07-01,7,26.0,37.0
P107,2025-08-01,8,26.0,56.0
P107,2025-09-01,9,26.0,38.0
P107,2025-10-01,10,26.0,30.0
P107,2025-11-01,11,26.0,33.0
P107,2025-12-01,12,26.0,37.0
P108,2025-01-01,1,44.0,56.0
P108,2025-02-01,2,44.0,53.0
P108,2025-03-01,3,44.0,54.0
P108,2025-04-01,4,44.0,74.0
P108,2025-05-01,5,44.0,60.0
P108,2025-06-01,6,44.0,90.0
P108,2025-07-01,7,44.0,95.0
P108,2025-08-01,8,44.0,86.0
P108,2025-09-01,9,44.0,56.0
P108,2025-10-01,10,44.0,48.0
P108,2025-11-01,11,44.0,70.0
P108,2025-12-01,12,44.0,55.0
P109,2025-01-01,1,55.0,83.0
P109,2025-02-01,2,55.0,88.0
P109,2025-03-01,3,55.0,105.0
P109,2025-04-01,4,55.0,60.0
P109,2025-05-01,5,55.0,81.0
P109,2025-06-01,6,55.0,78.0
P109,2025-07-01,7,55.0,56.0
P109,2025-08-01,8,55.0,84.0
P109,2025-09-01,9,55.0,61.0
P109,2025-10-01,10,55.0,78.0
P109,2025-11-01,11,55.0,75.0
P109,2025-12-01,12,55.0,83.0
P110,2025-01-01,1,66.0,57.0
P110,2025-02-01,2,66.0,71.0
P110,2025-03-01,3,66.0,57.0
P110,2025-04-01,4,66.0,59.0
P110,2025-05-01,5,66.0,65.0
P110,2025-06-01,6,66.0,69.0
P110,2025-07-01,7,66.0,67.0
P110,2025-08-01,8,66.0,65.0
P110,2025-09-01,9,66.0,67.0
P110,2025-10-01,10,66.0,62.0
P110,2025-11-01,11,66.0,69.0
P110,2025-12-01,12,66.0,61.0
P111,2025-01-01,1,225.0,243.0
P111,2025-02-01,2,225.0,261.0
P111,2025-03-01,3,225.0,233.0
P111,2025-04-01,4,225.0,202.0
P111,2025-05-01,5,225.0,232.0
P111,2025-06-01,6,225.0,211.0
P111,2025-07-01,7,225.0,197.0
P111,2025-08-01,8,225.0,227.0
P111,2025-09-01,9,225.0,212.0
P111,2025-10-01,10,225.0,173.0
P111,2025-11-01,11,225.0,236.0
P111,2025-12-01,12,225.0,180.0
P112,2025-01-01,1,49.0,56.0
P112,2025-02-01,2,49.0,59.0
P112,2025-03-01,3,49.0,80.0
P112,2025-04-01,4,49.0,52.0
P112,2025-05-01,5,49.0,52.0
P112,2025-06-01,6,49.0,48.0
P112,2025-07-01,7,49.0,65.0
P112,2025-08-01,8,49.0,51.0
P112,2025-09-01,9,49.0,56.0
P112,2025-10-01,10,49.0,40.0
P112,2025-11-01,11,49.0,45.0
P112,2025-12-01,12,49.0,40.0
P113,2025-01-01,1,39.0,36.0
P113,2025-02-01,2,39.0,29.0
P113,2025-03-01,3,39.0,38.0
P113,2025-04-01,4,39.0,39.0
P113,2025-05-01,5,39.0,40.0
P113,2025-06-01,6,39.0,34.0
P113,2025-07-01,7,39.0,28.0
P113,2025-08-01,8,39.0,28.0
P113,2025-09-01,9,39.0,29.0
P113,2025-10-01,10,39.0,35.0
P113,2025-11-01,11,39.0,34.0
P113,2025-12-01,12,39.0,34.0
P114,2025-01-01,1,73.0,84.0
P114,2025-02-01,2,73.0,102.0
P114,2025-03-01,3,73.0,87.0
P114,2025-04-01,4,73.0,83.0
P114,2025-05-01,5,73.0,113.0
P114,2025-06-01,6,73.0,107.0
P114,2025-07-01,7,73.0,103.0
P114,2025-08-01,8,73.0,121.0
P114,2025-09-01,9,73.0,98.0
P114,2025-10-01,10,73.0,90.0
P114,2025-11-01,11,73.0,89.0
P114,2025-12-01,12,73.0,68.0
P115,2025-01-01,1,71.0,87.0
P115,2025-02-01,2,71.0,85.0
P115,2025-03-01,3,71.0,84.0
P115,2025-04-01,4,71.0,87.0
P115,2025-05-01,5,71.0,77.0
P115,2025-06-01,6,71.0,63.0
P115,2025-07-01,7,71.0,71.0
P115,2025-08-01,8,71.0,88.0
P115,2025-09-01,9,71.0,87.0
P115,2025-10-01,10,71.0,92.0
P115,2025-11-01,11,71.0,77.0
P115,2025-12-01,12,71.0,83.0
P116,2025-01-01,1,71.0,108.0
P116,2025-02-01,2,71.0,101.0
P116,2025-03-01,3,71.0,81.0
P116,2025-04-01,4,71.0,121.0
P116,2025-05-01,5,71.0,123.0
P116,2025-06-01,6,71.0,131.0
P116,2025-07-01,7,71.0,131.0
P116,2025-08-01,8,71.0,118.0
P116,2025-09-01,9,71.0,96.0
P116,2025-10-01,10,71.0,103.0
P116,2025-11-01,11,71.0,88.0
P116,2025-12-01,12,71.0,103.0
P117,2025-01-01,1,64.0,100.0
P117,2025-02-01,2,64.0,88.0
P117,2025-03-01,3,64.0,96.0
P117,2025-04-01,4,64.0,66.0
P117,2025-05-01,5,64.0,90.0
P117,2025-06-01,6,64.0,108.0
P117,2025-07-01,7,64.0,118.0
P117,2025-08-01,8,64.0,134.0
P117,2025-09-01,9,64.0,105.0
P117,2025-10-01,10,64.0,85.0
P117,2025-11-01,11,64.0,97.0
P117,2025-12-01,12,64.0,97.0
P118,2025-01-01,1,94.0,88.0
P118,2025-02-01,2,94.0,96.0
P118,2025-03-01,3,94.0,92.0
P118,2025-04-01,4,94.0,75.0
P118,2025-05-01,5,94.0,91.0
P118,2025-06-01,6,94.0,84.0
P118,2025-07-01,7,94.0,86.0
P118,2025-08-01,8,94.0,87.0
P118,2025-09-01,9,94.0,88.0
P118,2025-10-01,10,94.0,84.0
P118,2025-11-01,11,94.0,86.0
P118,2025-12-01,12,94.0,79.0
P119,2025-01-01,1,26.0,27.0
P119,2025-02-01,2,26.0,31.0
P119,2025-03-01,3,26.0,28.0
P119,2025-04-01,4,26.0,31.0
P119,2025-05-01,5,26.0,31.0
P119,2025-06-01,6,26.0,29.0
P119,2025-07-01,7,26.0,26.0
P119,2025-08-01,8,26.0,36.0
P119,2025-09-01,9,26.0,31.0
P119,2025-10-01,10,26.0,28.0
P119,2025-11-01,11,26.0,31.0
P119,2025-12-01,12,26.0,26.0
P120,2025-01-01,1,52.0,67.0
P120,2025-02-01,2,52.0,69.0
P120,2025-03-01,3,52.0,57.0
P120,2025-04-01,4,52.0,50.0
P120,2025-05-01,5,52.0,41.0
P120,2025-06-01,6,52.0,50.0
P120,2025-07-01,7,52.0,48.0
P120,2025-08-01,8,52.0,49.0
P120,2025-09-01,9,52.0,56.0
P120,2025-10-01,10,52.0,50.0
P120,2025-11-01,11,52.0,62.0
P120,2025-12-01,12,52.0,51.0
P121,2025-01-01,1,91.0,190.0
P121,2025-02-01,2,91.0,74.0
P121,2025-03-01,3,91.0,44.0
P121,2025-04-01,4,91.0,47.0
P121,2025-05-01,5,91.0,22.0
P121,2025-06-01,6,91.0,51.0
P121,2025-07-01,7,91.0,62.0
P121,2025-08-01,8,91.0,291.0
P121,2025-09-01,9,91.0,53.0
P121,2025-10-01,10,91.0,51.0
P121,2025-11-01,11,91.0,110.0
P121,2025-12-01,12,91.0,77.0
P122,2025-01-01,1,68.0,56.0
P122,2025-02-01,2,68.0,51.0
P122,2025-03-01,3,68.0,59.0
P122,2025-04-01,4,68.0,46.0
P122,2025-05-01,5,68.0,60.0
P122,2025-06-01,6,68.0,60.0
P122,2025-07-01,7,68.0,61.0
P122,2025-08-01,8,68.0,66.0
P122,2025-09-01,9,68.0,66.0
P122,2025-10-01,10,68.0,52.0
P122,2025-11-01,11,68.0,54.0
P122,2025-12-01,12,68.0,73.0
P123,2025-01-01,1,77.0,57.0
P123,2025-02-01,2,77.0,56.0
P123,2025-03-01,3,77.0,52.0
P123,2025-04-01,4,77.0,54.0
P123,2025-05-01,5,77.0,52.0
P123,2025-06-01,6,77.0,52.0
P123,2025-07-01,7,77.0,53.0
P123,2025-08-01,8,77.0,51.0
P123,2025-09-01,9,77.0,41.0
P123,2025-10-01,10,77.0,70.0
P123,2025-11-01,11,77.0,55.0
P123,2025-12-01,12,77.0,65.0
P124,2025-01-01,1,69.0,87.0
P124,2025-02-01,2,69.0,68.0
P124,2025-03-01,3,69.0,89.0
P124,2025-04-01,4,69.0,79.0
P124,2025-05-01,5,69.0,89.0
P124,2025-06-01,6,69.0,123.0
P124,2025-07-01,7,69.0,98.0
P124,2025-08-01,8,69.0,100.0
P124,2025-09-01,9,69.0,81.0
P124,2025-10-01,10,69.0,123.0
P124,2025-11-01,11,69.0,69.0
P124,2025-12-01,12,69.0,85.0
P125,2025-01-01,1,128.0,94.0
P125,2025-02-01,2,128.0,124.0
P125,2025-03-01,3,128.0,88.0
P125,2025-04-01,4,128.0,103.0
P125,2025-05-01,5,128.0,87.0
P125,2025-06-01,6,128.0,86.0
P125,2025-07-01,7,128.0,100.0
P125,2025-08-01,8,128.0,95.0
P125,2025-09-01,9,128.0,87.0
P125,2025-10-01,10,128.0,100.0
P125,2025-11-01,11,128.0,89.0
P125,2025-12-01,12,128.0,140.0
P126,2025-01-01,1,53.0,52.0
P126,2025-02-01,2,53.0,50.0
P126,2025-03-01,3,53.0,41.0
P126,2025-04-01,4,53.0,24.0
P126,2025-05-01,5,53.0,36.0
P126,2025-06-01,6,53.0,35.0
P126,2025-07-01,7,53.0,39.0
P126,2025-08-01,8,53.0,35.0
P126,2025-09-01,9,53.0,29.0
P126,2025-10-01,10,53.0,36.0
P126,2025-11-01,11,53.0,44.0
P126,2025-12-01,12,53.0,33.0
P127,2025-01-01,1,162.0,166.0
P127,2025-02-01,2,162.0,167.0
P127,2025-03-01,3,162.0,131.0
P127,2025-04-01,4,162.0,0.0
P127,2025-05-01,5,162.0,266.0
P127,2025-06-01,6,162.0,311.0
P127,2025-07-01,7,162.0,134.0
P127,2025-08-01,8,162.0,140.0
P127,2025-09-01,9,162.0,73.0
P127,2025-10-01,10,162.0,262.0
P127,2025-11-01,11,162.0,99.0
P127,2025-12-01,12,162.0,601.0
P128,2025-01-01,1,111.0,102.0
P128,2025-02-01,2,111.0,102.0
P128,2025-03-01,3,111.0,108.0
P128,2025-04-01,4,111.0,88.0
P128,2025-05-01,5,111.0,114.0
P128,2025-06-01,6,111.0,123.0
P128,2025-07-01,7,111.0,112.0
P128,2025-08-01,8,111.0,127.0
P128,2025-09-01,9,111.0,94.0
P128,2025-10-01,10,111.0,104.0
P128,2025-11-01,11,111.0,76.0
P128,2025-12-01,12,111.0,115.0
P129,2025-01-01,1,101.0,88.0
P129,2025-02-01,2,101.0,100.0
P129,2025-03-01,3,101.0,105.0
P129,2025-04-01,4,101.0,90.0
P129,2025-05-01,5,101.0,102.0
P129,2025-06-01,6,101.0,131.0
P129,2025-07-01,7,101.0,177.0
P129,2025-08-01,8,101.0,147.0
P129,2025-09-01,9,101.0,115.0
P129,2025-10-01,10,101.0,85.0
P129,2025-11-01,11,101.0,82.0
P129,2025-12-01,12,101.0,83.0
P130,2025-01-01,1,29.0,35.0
P130,2025-02-01,2,29.0,28.0
P130,2025-03-01,3,29.0,26.0
P130,2025-04-01,4,29.0,24.0
P130,2025-05-01,5,29.0,28.0
P130,2025-06-01,6,29.0,24.0
P130,2025-07-01,7,29.0,40.0
P130,2025-08-01,8,29.0,32.0
P130,2025-09-01,9,29.0,24.0
P130,2025-10-01,10,29.0,33.0
P130,2025-11-01,11,29.0,28.0
P130,2025-12-01,12,29.0,31.0
P131,2025-01-01,1,94.0,106.0
P131,2025-02-01,2,94.0,82.0
P131,2025-03-01,3,94.0,108.0
P131,2025-04-01,4,94.0,87.0
P131,2025-05-01,5,94.0,85.0
P131,2025-06-01,6,94.0,135.0
P131,2025-07-01,7,94.0,111.0
P131,2025-08-01,8,94.0,115.0
P131,2025-09-01,9,94.0,93.0
P131,2025-10-01,10,94.0,93.0
P131,2025-11-01,11,94.0,85.0
P131,2025-12-01,12,94.0,69.0
P132,2025-01-01,1,102.0,274.0
P132,2025-02-01,2,102.0,67.0
P132,2025-03-01,3,102.0,51.0
P132,2025-04-01,4,102.0,91.0
P132,2025-05-01,5,102.0,82.0
P132,2025-06-01,6,102.0,46.0
P132,2025-07-01,7,102.0,48.0
P132,2025-08-01,8,102.0,82.0
P132,2025-09-01,9,102.0,186.0
P132,2025-10-01,10,102.0,77.0
P132,2025-11-01,11,102.0,85.0
P132,2025-12-01,12,102.0,91.0
P133,2025-01-01,1,135.0,105.0
P133,2025-02-01,2,135.0,103.0
P133,2025-03-01,3,135.0,92.0
P133,2025-04-01,4,135.0,114.0
P133,2025-05-01,5,135.0,146.0
P133,2025-06-01,6,135.0,181.0
P133,2025-07-01,7,135.0,201.0
P133,2025-08-01,8,135.0,154.0
P133,2025-09-01,9,135.0,149.0
P133,2025-10-01,10,135.0,113.0
P133,2025-11-01,11,135.0,136.0
P133,2025-12-01,12,135.0,88.0
P134,2025-01-01,1,248.0,155.0
P134,2025-02-01,2,248.0,278.0
P134,2025-03-01,3,248.0,184.0
P134,2025-04-01,4,248.0,155.0
P134,2025-05-01,5,248.0,189.0
P134,2025-06-01,6,248.0,160.0
P134,2025-07-01,7,248.0,173.0
P134,2025-08-01,8,248.0,178.0
P134,2025-09-01,9,248.0,189.0
P134,2025-10-01,10,248.0,132.0
P134,2025-11-01,11,248.0,219.0
P134,2025-12-01,12,248.0,205.0
P135,2025-01-01,1,257.0,117.0
P135,2025-02-01,2,257.0,222.0
P135,2025-03-01,3,257.0,184.0
P135,2025-04-01,4,257.0,144.0
P135,2025-05-01,5,257.0,124.0
P135,2025-06-01,6,257.0,152.0
P135,2025-07-01,7,257.0,129.0
P135,2025-08-01,8,257.0,143.0
P135,2025-09-01,9,257.0,130.0
P135,2025-10-01,10,257.0,172.0
P135,2025-11-01,11,257.0,158.0
P135,2025-12-01,12,257.0,228.0
P136,2025-01-01,1,72.0,80.0
P136,2025-02-01,2,72.0,95.0
P136,2025-03-01,3,72.0,81.0
P136,2025-04-01,4,72.0,66.0
P136,2025-05-01,5,72.0,77.0
P136,2025-06-01,6,72.0,74.0
P136,2025-07-01,7,72.0,61.0
P136,2025-08-01,8,72.0,79.0
P136,2025-09-01,9,72.0,95.0
P136,2025-10-01,10,72.0,94.0
P136,2025-11-01,11,72.0,47.0
P136,2025-12-01,12,72.0,77.0
P137,2025-01-01,1,70.0,68.0
P137,2025-02-01,2,70.0,62.0
P137,2025-03-01,3,70.0,58.0
P137,2025-04-01,4,70.0,78.0
P137,2025-05-01,5,70.0,56.0
P137,2025-06-01,6,70.0,67.0
P137,2025-07-01,7,70.0,55.0
P137,2025-08-01,8,70.0,65.0
P137,2025-09-01,9,70.0,63.0
P137,2025-10-01,10,70.0,74.0
P137,2025-11-01,11,70.0,56.0
P137,2025-12-01,12,70.0,42.0
P138,2025-01-01,1,65.0,115.0
P138,2025-02-01,2,65.0,94.0
P138,2025-03-01,3,65.0,73.0
P138,2025-04-01,4,65.0,129.0
P138,2025-05-01,5,65.0,107.0
P138,2025-06-01,6,65.0,398.0
P138,2025-07-01,7,65.0,278.0
P138,2025-08-01,8,65.0,117.0
P138,2025-09-01,9,65.0,110.0
P138,2025-10-01,10,65.0,147.0
P138,2025-11-01,11,65.0,133.0
P138,2025-12-01,12,65.0,27.0
P139,2025-01-01,1,34.0,41.0
P139,2025-02-01,2,34.0,36.0
P139,2025-03-01,3,34.0,37.0
P139,2025-04-01,4,34.0,50.0
P139,2025-05-01,5,34.0,34.0
P139,2025-06-01,6,34.0,51.0
P139,2025-07-01,7,34.0,46.0
P139,2025-08-01,8,34.0,59.0
P139,2025-09-01,9,34.0,38.0
P139,2025-10-01,10,34.0,39.0
P139,2025-11-01,11,34.0,42.0
P139,2025-12-01,12,34.0,42.0
P140,2025-01-01,1,34.0,28.0
P140,2025-02-01,2,34.0,36.0
P140,2025-03-01,3,34.0,35.0
P140,2025-04-01,4,34.0,32.0
P140,2025-05-01,5,34.0,29.0
P140,2025-06-01,6,34.0,28.0
P140,2025-07-01,7,34.0,36.0
P140,2025-08-01,8,34.0,28.0
P140,2025-09-01,9,34.0,43.0
P140,2025-10-01,10,34.0,41.0
P140,2025-11-01,11,34.0,27.0
P140,2025-12-01,12,34.0,39.0
P141,2025-01-01,1,44.0,56.0
P141,2025-02-01,2,44.0,46.0
P141,2025-03-01,3,44.0,41.0
P141,2025-04-01,4,44.0,35.0
P141,2025-05-01,5,44.0,62.0
P141,2025-06-01,6,44.0,45.0
P141,2025-07-01,7,44.0,48.0
P141,2025-08-01,8,44.0,56.0
P141,2025-09-01,9,44.0,59.0
P141,2025-10-01,10,44.0,46.0
P141,2025-11-01,11,44.0,58.0
P141,2025-12-01,12,44.0,67.0
P142,2025-01-01,1,139.0,151.0
P142,2025-02-01,2,139.0,164.0
P142,2025-03-01,3,139.0,135.0
P142,2025-04-01,4,139.0,125.0
P142,2025-05-01,5,139.0,141.0
P142,2025-06-01,6,139.0,120.0
P142,2025-07-01,7,139.0,123.0
P142,2025-08-01,8,139.0,165.0
P142,2025-09-01,9,139.0,129.0
P142,2025-10-01,10,139.0,111.0
P142,2025-11-01,11,139.0,125.0
P142,2025-12-01,12,139.0,119.0
P143,2025-01-01,1,52.0,160.0
P143,2025-02-01,2,52.0,49.0
P143,2025-03-01,3,52.0,52.0
P143,2025-04-01,4,52.0,53.0
P143,2025-05-01,5,52.0,43.0
P143,2025-06-01,6,52.0,31.0
P143,2025-07-01,7,52.0,62.0
P143,2025-08-01,8,52.0,48.0
P143,2025-09-01,9,52.0,84.0
P143,2025-10-01,10,52.0,74.0
P143,2025-11-01,11,52.0,57.0
P143,2025-12-01,12,52.0,46.0
P144,2025-01-01,1,145.0,167.0
P144,2025-02-01,2,145.0,165.0
P144,2025-03-01,3,145.0,103.0
P144,2025-04-01,4,145.0,178.0
P144,2025-05-01,5,145.0,133.0
P144,2025-06-01,6,145.0,179.0
P144,2025-07-01,7,145.0,231.0
P144,2025-08-01,8,145.0,209.0
P144,2025-09-01,9,145.0,134.0
P144,2025-10-01,10,145.0,158.0
P144,2025-11-01,11,145.0,157.0
P144,2025-12-01,12,145.0,163.0
P145,2025-01-01,1,36.0,27.0
P145,2025-02-01,2,36.0,31.0
P145,2025-03-01,3,36.0,27.0
P145,2025-04-01,4,36.0,33.0
P145,2025-05-01,5,36.0,32.0
P145,2025-06-01,6,36.0,37.0
P145,2025-07-01,7,36.0,33.0
P145,2025-08-01,8,36.0,48.0
P145,2025-09-01,9,36.0,37.0
P145,2025-10-01,10,36.0,29.0
P145,2025-11-01,11,36.0,28.0
P145,2025-12-01,12,36.0,34.0
P146,2025-01-01,1,20.0,47.0
P146,2025-02-01,2,20.0,35.0
P146,2025-03-01,3,20.0,33.0
P146,2025-04-01,4,20.0,28.0
P146,2025-05-01,5,20.0,36.0
P146,2025-06-01,6,20.0,43.0
P146,2025-07-01,7,20.0,39.0
P146,2025-08-01,8,20.0,44.0
P146,2025-09-01,9,20.0,35.0
P146,2025-10-01,10,20.0,40.0
P146,2025-11-01,11,20.0,24.0
P146,2025-12-01,12,20.0,30.0
P147,2025-01-01,1,62.0,66.0
P147,2025-02-01,2,62.0,42.0
P147,2025-03-01,3,62.0,67.0
P147,2025-04-01,4,62.0,62.0
P147,2025-05-01,5,62.0,65.0
P147,2025-06-01,6,62.0,107.0
P147,2025-07-01,7,62.0,109.0
P147,2025-08-01,8,62.0,109.0
P147,2025-09-01,9,62.0,51.0
P147,2025-10-01,10,62.0,70.0
P147,2025-11-01,11,62.0,57.0
P147,2025-12-01,12,62.0,50.0
P148,2025-01-01,1,117.0,139.0
P148,2025-02-01,2,117.0,102.0
P148,2025-03-01,3,117.0,89.0
P148,2025-04-01,4,117.0,87.0
P148,2025-05-01,5,117.0,104.0
P148,2025-06-01,6,117.0,118.0
P148,2025-07-01,7,117.0,114.0
P148,2025-08-01,8,117.0,142.0
P148,2025-09-01,9,117.0,92.0
P148,2025-10-01,10,117.0,115.0
P148,2025-11-01,11,117.0,99.0
P148,2025-12-01,12,117.0,100.0
P149,2025-01-01,1,63.0,66.0
P149,2025-02-01,2,63.0,77.0
P149,2025-03-01,3,63.0,82.0
P149,2025-04-01,4,63.0,76.0
P149,2025-05-01,5,63.0,52.0
P149,2025-06-01,6,63.0,114.0
P149,2025-07-01,7,63.0,99.0
P149,2025-08-01,8,63.0,99.0
P149,2025-09-01,9,63.0,48.0
P149,2025-10-01,10,63.0,61.0
P149,2025-11-01,11,63.0,74.0
P149,2025-12-01,12,63.0,57.0
P150,2025-01-01,1,156.0,43.0
P150,2025-02-01,2,156.0,74.0
P150,2025-03-01,3,156.0,91.0
P150,2025-04-01,4,156.0,156.0
P150,2025-05-01,5,156.0,76.0
P150,2025-06-01,6,156.0,64.0
P150,2025-07-01,7,156.0,40.0
P150,2025-08-01,8,156.0,218.0
P150,2025-09-01,9,156.0,35.0
P150,2025-10-01,10,156.0,67.0
P150,2025-11-01,11,156.0,31.0
P150,2025-12-01,12,156.0,130.0
P151,2025-01-01,1,65.0,67.0
P151,2025-02-01,2,65.0,56.0
P151,2025-03-01,3,65.0,58.0
P151,2025-04-01,4,65.0,61.0
P151,2025-05-01,5,65.0,67.0
P151,2025-06-01,6,65.0,51.0
P151,2025-07-01,7,65.0,46.0
P151,2025-08-01,8,65.0,56.0
P151,2025-09-01,9,65.0,70.0
P151,2025-10-01,10,65.0,58.0
P151,2025-11-01,11,65.0,59.0
P151,2025-12-01,12,65.0,59.0
P152,2025-01-01,1,26.0,33.0
P152,2025-02-01,2,26.0,25.0
P152,2025-03-01,3,26.0,28.0
P152,2025-04-01,4,26.0,33.0
P152,2025-05-01,5,26.0,37.0
P152,2025-06-01,6,26.0,43.0
P152,2025-07-01,7,26.0,44.0
P152,2025-08-01,8,26.0,48.0
P152,2025-09-01,9,26.0,32.0
P152,2025-10-01,10,26.0,26.0
P152,2025-11-01,11,26.0,23.0
P152,2025-12-01,12,26.0,30.0
P153,2025-01-01,1,174.0,68.0
P153,2025-02-01,2,174.0,118.0
P153,2025-03-01,3,174.0,139.0
P153,2025-04-01,4,174.0,130.0
P153,2025-05-01,5,174.0,172.0
P153,2025-06-01,6,174.0,149.0
P153,2025-07-01,7,174.0,141.0
P153,2025-08-01,8,174.0,134.0
P153,2025-09-01,9,174.0,162.0
P153,2025-10-01,10,174.0,33.0
P153,2025-11-01,11,174.0,289.0
P153,2025-12-01,12,174.0,81.0
P154,2025-01-01,1,47.0,61.0
P154,2025-02-01,2,47.0,60.0
P154,2025-03-01,3,47.0,53.0
P154,2025-04-01,4,47.0,47.0
P154,2025-05-01,5,47.0,41.0
P154,2025-06-01,6,47.0,45.0
P154,2025-07-01,7,47.0,49.0
P154,2025-08-01,8,47.0,46.0
P154,2025-09-01,9,47.0,55.0
P154,2025-10-01,10,47.0,53.0
P154,2025-11-01,11,47.0,44.0
P154,2025-12-01,12,47.0,41.0
P155,2025-01-01,1,99.0,268.0
P155,2025-02-01,2,99.0,170.0
P155,2025-03-01,3,99.0,161.0
P155,2025-04-01,4,99.0,126.0
P155,2025-05-01,5,99.0,124.0
P155,2025-06-01,6,99.0,145.0
P155,2025-07-01,7,99.0,57.0
P155,2025-08-01,8,99.0,196.0
P155,2025-09-01,9,99.0,83.0
P155,2025-10-01,10,99.0,162.0
P155,2025-11-01,11,99.0,161.0
P155,2025-12-01,12,99.0,111.0
P156,2025-01-01,1,75.0,61.0
P156,2025-02-01,2,75.0,57.0
P156,2025-03-01,3,75.0,66.0
P156,2025-04-01,4,75.0,68.0
P156,2025-05-01,5,75.0,74.0
P156,2025-06-01,6,75.0,68.0
P156,2025-07-01,7,75.0,71.0
P156,2025-08-01,8,75.0,76.0
P156,2025-09-01,9,75.0,65.0
P156,2025-10-01,10,75.0,67.0
P156,2025-11-01,11,75.0,49.0
P156,2025-12-01,12,75.0,59.0
P157,2025-01-01,1,98.0,106.0
P157,2025-02-01,2,98.0,110.0
P157,2025-03-01,3,98.0,92.0
P157,2025-04-01,4,98.0,113.0
P157,2025-05-01,5,98.0,106.0
P157,2025-06-01,6,98.0,178.0
P157,2025-07-01,7,98.0,126.0
P157,2025-08-01,8,98.0,166.0
P157,2025-09-01,9,98.0,109.0
P157,2025-10-01,10,98.0,129.0
P157,2025-11-01,11,98.0,96.0
P157,2025-12-01,12,98.0,96.0
P158,2025-01-01,1,80.0,83.0
P158,2025-02-01,2,80.0,105.0
P158,2025-03-01,3,80.0,80.0
P158,2025-04-01,4,80.0,99.0
P158,2025-05-01,5,80.0,78.0
P158,2025-06-01,6,80.0,72.0
P158,2025-07-01,7,80.0,79.0
P158,2025-08-01,8,80.0,72.0
P158,2025-09-01,9,80.0,81.0
P158,2025-10-01,10,80.0,95.0
P158,2025-11-01,11,80.0,85.0
P158,2025-12-01,12,80.0,87.0
P159,2025-01-01,1,80.0,80.0
P159,2025-02-01,2,80.0,68.0
P159,2025-03-01,3,80.0,71.0
P159,2025-04-01,4,80.0,59.0
P159,2025-05-01,5,80.0,84.0
P159,2025-06-01,6,80.0,95.0
P159,2025-07-01,7,80.0,85.0
P159,2025-08-01,8,80.0,92.0
P159,2025-09-01,9,80.0,85.0
P159,2025-10-01,10,80.0,73.0
P159,2025-11-01,11,80.0,64.0
P159,2025-12-01,12,80.0,65.0
P160,2025-01-01,1,84.0,69.0
P160,2025-02-01,2,84.0,68.0
P160,2025-03-01,3,84.0,79.0
P160,2025-04-01,4,84.0,59.0
P160,2025-05-01,5,84.0,99.0
P160,2025-06-01,6,84.0,72.0
P160,2025-07-01,7,84.0,75.0
P160,2025-08-01,8,84.0,65.0
P160,2025-09-01,9,84.0,69.0
P160,2025-10-01,10,84.0,86.0
P160,2025-11-01,11,84.0,82.0
P160,2025-12-01,12,84.0,62.0
P161,2025-01-01,1,33.0,27.0
P161,2025-02-01,2,33.0,27.0
P161,2025-03-01,3,33.0,32.0
P161,2025-04-01,4,33.0,21.0
P161,2025-05-01,5,33.0,13.0
P161,2025-06-01,6,33.0,31.0
P161,2025-07-01,7,33.0,29.0
P161,2025-08-01,8,33.0,27.0
P161,2025-09-01,9,33.0,29.0
P161,2025-10-01,10,33.0,27.0
P161,2025-11-01,11,33.0,26.0
P161,2025-12-01,12,33.0,25.0
P162,2025-01-01,1,50.0,59.0
P162,2025-02-01,2,50.0,65.0
P162,2025-03-01,3,50.0,73.0
P162,2025-04-01,4,50.0,77.0
P162,2025-05-01,5,50.0,68.0
P162,2025-06-01,6,50.0,95.0
P162,2025-07-01,7,50.0,107.0
P162,2025-08-01,8,50.0,129.0
P162,2025-09-01,9,50.0,96.0
P162,2025-10-01,10,50.0,79.0
P162,2025-11-01,11,50.0,75.0
P162,2025-12-01,12,50.0,58.0
P163,2025-01-01,1,236.0,239.0
P163,2025-02-01,2,236.0,386.0
P163,2025-03-01,3,236.0,250.0
P163,2025-04-01,4,236.0,72.0
P163,2025-05-01,5,236.0,202.0
P163,2025-06-01,6,236.0,290.0
P163,2025-07-01,7,236.0,194.0
P163,2025-08-01,8,236.0,905.0
P163,2025-09-01,9,236.0,181.0
P163,2025-10-01,10,236.0,159.0
P163,2025-11-01,11,236.0,261.0
P163,2025-12-01,12,236.0,220.0
P164,2025-01-01,1,100.0,118.0
P164,2025-02-01,2,100.0,116.0
P164,2025-03-01,3,100.0,108.0
P164,2025-04-01,4,100.0,113.0
P164,2025-05-01,5,100.0,140.0
P164,2025-06-01,6,100.0,130.0
P164,2025-07-01,7,100.0,112.0
P164,2025-08-01,8,100.0,126.0
P164,2025-09-01,9,100.0,136.0
P164,2025-10-01,10,100.0,113.0
P164,2025-11-01,11,100.0,114.0
P164,2025-12-01,12,100.0,136.0
P165,2025-01-01,1,42.0,49.0
P165,2025-02-01,2,42.0,32.0
P165,2025-03-01,3,42.0,54.0
P165,2025-04-01,4,42.0,37.0
P165,2025-05-01,5,42.0,55.0
P165,2025-06-01,6,42.0,50.0
P165,2025-07-01,7,42.0,54.0
P165,2025-08-01,8,42.0,51.0
P165,2025-09-01,9,42.0,44.0
P165,2025-10-01,10,42.0,26.0
P165,2025-11-01,11,42.0,22.0
P165,2025-12-01,12,42.0,41.0
P166,2025-01-01,1,71.0,113.0
P166,2025-02-01,2,71.0,96.0
P166,2025-03-01,3,71.0,98.0
P166,2025-04-01,4,71.0,80.0
P166,2025-05-01,5,71.0,97.0
P166,2025-06-01,6,71.0,129.0
P166,2025-07-01,7,71.0,120.0
P166,2025-08-01,8,71.0,122.0
P166,2025-09-01,9,71.0,88.0
P166,2025-10-01,10,71.0,77.0
P166,2025-11-01,11,71.0,83.0
P166,2025-12-01,12,71.0,76.0
P167,2025-01-01,1,110.0,95.0
P167,2025-02-01,2,110.0,61.0
P167,2025-03-01,3,110.0,73.0
P167,2025-04-01,4,110.0,109.0
P167,2025-05-01,5,110.0,51.0
P167,2025-06-01,6,110.0,87.0
P167,2025-07-01,7,110.0,99.0
P167,2025-08-01,8,110.0,91.0
P167,2025-09-01,9,110.0,78.0
P167,2025-10-01,10,110.0,91.0
P167,2025-11-01,11,110.0,87.0
P167,2025-12-01,12,110.0,78.0
P168,2025-01-01,1,108.0,138.0
P168,2025-02-01,2,108.0,110.0
P168,2025-03-01,3,108.0,114.0
P168,2025-04-01,4,108.0,68.0
P168,2025-05-01,5,108.0,114.0
P168,2025-06-01,6,108.0,128.0
P168,2025-07-01,7,108.0,92.0
P168,2025-08-01,8,108.0,96.0
P168,2025-09-01,9,108.0,108.0
P168,2025-10-01,10,108.0,125.0
P168,2025-11-01,11,108.0,125.0
P168,2025-12-01,12,108.0,99.0
P169,2025-01-01,1,64.0,84.0
P169,2025-02-01,2,64.0,66.0
P169,2025-03-01,3,64.0,55.0
P169,2025-04-01,4,64.0,76.0
P169,2025-05-01,5,64.0,84.0
P169,2025-06-01,6,64.0,109.0
P169,2025-07-01,7,64.0,77.0
P169,2025-08-01,8,64.0,148.0
P169,2025-09-01,9,64.0,94.0
P169,2025-10-01,10,64.0,65.0
P169,2025-11-01,11,64.0,63.0
P169,2025-12-01,12,64.0,73.0
P170,2025-01-01,1,61.0,52.0
P170,2025-02-01,2,61.0,100.0
P170,2025-03-01,3,61.0,114.0
P170,2025-04-01,4,61.0,166.0
P170,2025-05-01,5,61.0,82.0
P170,2025-06-01,6,61.0,60.0
P170,2025-07-01,7,61.0,145.0
P170,2025-08-01,8,61.0,94.0
P170,2025-09-01,9,61.0,70.0
P170,2025-10-01,10,61.0,68.0
P170,2025-11-01,11,61.0,41.0
P170,2025-12-01,12,61.0,0.0
P171,2025-01-01,1,149.0,182.0
P171,2025-02-01,2,149.0,179.0
P171,2025-03-01,3,149.0,138.0
P171,2025-04-01,4,149.0,155.0
P171,2025-05-01,5,149.0,119.0
P171,2025-06-01,6,149.0,156.0
P171,2025-07-01,7,149.0,221.0
P171,2025-08-01,8,149.0,135.0
P171,2025-09-01,9,149.0,159.0
P171,2025-10-01,10,149.0,143.0
P171,2025-11-01,11,149.0,138.0
P171,2025-12-01,12,149.0,126.0
P172,2025-01-01,1,74.0,80.0
P172,2025-02-01,2,74.0,71.0
P172,2025-03-01,3,74.0,71.0
P172,2025-04-01,4,74.0,71.0
P172,2025-05-01,5,74.0,64.0
P172,2025-06-01,6,74.0,74.0
P172,2025-07-01,7,74.0,75.0
P172,2025-08-01,8,74.0,82.0
P172,2025-09-01,9,74.0,73.0
P172,2025-10-01,10,74.0,67.0
P172,2025-11-01,11,74.0,69.0
P172,2025-12-01,12,74.0,64.0
P173,2025-01-01,1,183.0,192.0
P173,2025-02-01,2,183.0,128.0
P173,2025-03-01,3,183.0,84.0
P173,2025-04-01,4,183.0,133.0
P173,2025-05-01,5,183.0,9.0
P173,2025-06-01,6,183.0,326.0
P173,2025-07-01,7,183.0,86.0
P173,2025-08-01,8,183.0,135.0
P173,2025-09-01,9,183.0,192.0
P173,2025-10-01,10,183.0,109.0
P173,2025-11-01,11,183.0,59.0
P173,2025-12-01,12,183.0,242.0
P174,2025-01-01,1,183.0,93.0
P174,2025-02-01,2,183.0,93.0
P174,2025-03-01,3,183.0,119.0
P174,2025-04-01,4,183.0,61.0
P174,2025-05-01,5,183.0,128.0
P174,2025-06-01,6,183.0,162.0
P174,2025-07-01,7,183.0,140.0
P174,2025-08-01,8,183.0,587.0
P174,2025-09-01,9,183.0,177.0
P174,2025-10-01,10,183.0,129.0
P174,2025-11-01,11,183.0,66.0
P174,2025-12-01,12,183.0,102.0
P175,2025-01-01,1,67.0,72.0
P175,2025-02-01,2,67.0,74.0
P175,2025-03-01,3,67.0,49.0
P175,2025-04-01,4,67.0,56.0
P175,2025-05-01,5,67.0,56.0
P175,2025-06-01,6,67.0,66.0
P175,2025-07-01,7,67.0,62.0
P175,2025-08-01,8,67.0,56.0
P175,2025-09-01,9,67.0,65.0
P175,2025-10-01,10,67.0,58.0
P175,2025-11-01,11,67.0,53.0
P175,2025-12-01,12,67.0,69.0
P176,2025-01-01,1,57.0,89.0
P176,2025-02-01,2,57.0,22.0
P176,2025-03-01,3,57.0,49.0
P176,2025-04-01,4,57.0,74.0
P176,2025-05-01,5,57.0,98.0
P176,2025-06-01,6,57.0,63.0
P176,2025-07-01,7,57.0,53.0
P176,2025-08-01,8,57.0,28.0
P176,2025-09-01,9,57.0,44.0
P176,2025-10-01,10,57.0,46.0
P176,2025-11-01,11,57.0,57.0
P176,2025-12-01,12,57.0,82.0
P177,2025-01-01,1,234.0,181.0
P177,2025-02-01,2,234.0,276.0
P177,2025-03-01,3,234.0,118.0
P177,2025-04-01,4,234.0,472.0
P177,2025-05-01,5,234.0,1220.0
P177,2025-06-01,6,234.0,276.0
P177,2025-07-01,7,234.0,175.0
P177,2025-08-01,8,234.0,147.0
P177,2025-09-01,9,234.0,140.0
P177,2025-10-01,10,234.0,151.0
P177,2025-11-01,11,234.0,220.0
P177,2025-12-01,12,234.0,182.0
P178,2025-01-01,1,64.0,61.0
P178,2025-02-01,2,64.0,91.0
P178,2025-03-01,3,64.0,65.0
P178,2025-04-01,4,64.0,82.0
P178,2025-05-01,5,64.0,62.0
P178,2025-06-01,6,64.0,94.0
P178,2025-07-01,7,64.0,95.0
P178,2025-08-01,8,64.0,98.0
P178,2025-09-01,9,64.0,78.0
P178,2025-10-01,10,64.0,99.0
P178,2025-11-01,11,64.0,72.0
P178,2025-12-01,12,64.0,79.0
P179,2025-01-01,1,60.0,34.0
P179,2025-02-01,2,60.0,59.0
P179,2025-03-01,3,60.0,39.0
P179,2025-04-01,4,60.0,57.0
P179,2025-05-01,5,60.0,57.0
P179,2025-06-01,6,60.0,46.0
P179,2025-07-01,7,60.0,44.0
P179,2025-08-01,8,60.0,48.0
P179,2025-09-01,9,60.0,46.0
P179,2025-10-01,10,60.0,54.0
P179,2025-11-01,11,60.0,42.0
P179,2025-12-01,12,60.0,55.0
P180,2025-01-01,1,30.0,35.0
P180,2025-02-01,2,30.0,32.0
P180,2025-03-01,3,30.0,37.0
P180,2025-04-01,4,30.0,30.0
P180,2025-05-01,5,30.0,33.0
P180,2025-06-01,6,30.0,29.0
P180,2025-07-01,7,30.0,34.0
P180,2025-08-01,8,30.0,28.0
P180,2025-09-01,9,30.0,24.0
P180,2025-10-01,10,30.0,26.0
P180,2025-11-01,11,30.0,33.0
P180,2025-12-01,12,30.0,38.0
P181,2025-01-01,1,115.0,107.0
P181,2025-02-01,2,115.0,105.0
P181,2025-03-01,3,115.0,114.0
P181,2025-04-01,4,115.0,108.0
P181,2025-05-01,5,115.0,104.0
P181,2025-06-01,6,115.0,151.0
P181,2025-07-01,7,115.0,151.0
P181,2025-08-01,8,115.0,122.0
P181,2025-09-01,9,115.0,122.0
P181,2025-10-01,10,115.0,122.0
P181,2025-11-01,11,115.0,128.0
P181,2025-12-01,12,115.0,144.0
P182,2025-01-01,1,80.0,69.0
P182,2025-02-01,2,80.0,67.0
P182,2025-03-01,3,80.0,73.0
P182,2025-04-01,4,80.0,85.0
P182,2025-05-01,5,80.0,70.0
P182,2025-06-01,6,80.0,78.0
P182,2025-07-01,7,80.0,93.0
P182,2025-08-01,8,80.0,71.0
P182,2025-09-01,9,80.0,70.0
P182,2025-10-01,10,80.0,78.0
P182,2025-11-01,11,80.0,72.0
P182,2025-12-01,12,80.0,54.0
P183,2025-01-01,1,43.0,45.0
P183,2025-02-01,2,43.0,40.0
P183,2025-03-01,3,43.0,45.0
P183,2025-04-01,4,43.0,42.0
P183,2025-05-01,5,43.0,49.0
P183,2025-06-01,6,43.0,49.0
P183,2025-07-01,7,43.0,42.0
P183,2025-08-01,8,43.0,38.0
P183,2025-09-01,9,43.0,44.0
P183,2025-10-01,10,43.0,37.0
P183,2025-11-01,11,43.0,37.0
P183,2025-12-01,12,43.0,49.0
P184,2025-01-01,1,63.0,77.0
P184,2025-02-01,2,63.0,92.0
P184,2025-03-01,3,63.0,94.0
P184,2025-04-01,4,63.0,78.0
P184,2025-05-01,5,63.0,107.0
P184,2025-06-01,6,63.0,155.0
P184,2025-07-01,7,63.0,99.0
P184,2025-08-01,8,63.0,143.0
P184,2025-09-01,9,63.0,96.0
P184,2025-10-01,10,63.0,103.0
P184,2025-11-01,11,63.0,72.0
P184,2025-12-01,12,63.0,75.0
P185,2025-01-01,1,90.0,73.0
P185,2025-02-01,2,90.0,73.0
P185,2025-03-01,3,90.0,99.0
P185,2025-04-01,4,90.0,76.0
P185,2025-05-01,5,90.0,75.0
P185,2025-06-01,6,90.0,101.0
P185,2025-07-01,7,90.0,105.0
P185,2025-08-01,8,90.0,123.0
P185,2025-09-01,9,90.0,104.0
P185,2025-10-01,10,90.0,43.0
P185,2025-11-01,11,90.0,101.0
P185,2025-12-01,12,90.0,84.0
P186,2025-01-01,1,25.0,24.0
P186,2025-02-01,2,25.0,32.0
P186,2025-03-01,3,25.0,23.0
P186,2025-04-01,4,25.0,29.0
P186,2025-05-01,5,25.0,31.0
P186,2025-06-01,6,25.0,35.0
P186,2025-07-01,7,25.0,38.0
P186,2025-08-01,8,25.0,49.0
P186,2025-09-01,9,25.0,29.0
P186,2025-10-01,10,25.0,32.0
P186,2025-11-01,11,25.0,27.0
P186,2025-12-01,12,25.0,23.0
P187,2025-01-01,1,43.0,123.0
P187,2025-02-01,2,43.0,57.0
P187,2025-03-01,3,43.0,311.0
P187,2025-04-01,4,43.0,125.0
P187,2025-05-01,5,43.0,121.0
P187,2025-06-01,6,43.0,87.0
P187,2025-07-01,7,43.0,202.0
P187,2025-08-01,8,43.0,230.0
P187,2025-09-01,9,43.0,147.0
P187,2025-10-01,10,43.0,53.0
P187,2025-11-01,11,43.0,86.0
P187,2025-12-01,12,43.0,76.0
P188,2025-01-01,1,164.0,157.0
P188,2025-02-01,2,164.0,98.0
P188,2025-03-01,3,164.0,144.0
P188,2025-04-01,4,164.0,157.0
P188,2025-05-01,5,164.0,241.0
P188,2025-06-01,6,164.0,147.0
P188,2025-07-01,7,164.0,156.0
P188,2025-08-01,8,164.0,172.0
P188,2025-09-01,9,164.0,145.0
P188,2025-10-01,10,164.0,163.0
P188,2025-11-01,11,164.0,175.0
P188,2025-12-01,12,164.0,141.0
P189,2025-01-01,1,367.0,262.0
P189,2025-02-01,2,367.0,250.0
P189,2025-03-01,3,367.0,180.0
P189,2025-04-01,4,367.0,203.0
P189,2025-05-01,5,367.0,238.0
P189,2025-06-01,6,367.0,249.0
P189,2025-07-01,7,367.0,264.0
P189,2025-08-01,8,367.0,290.0
P189,2025-09-01,9,367.0,332.0
P189,2025-10-01,10,367.0,207.0
P189,2025-11-01,11,367.0,338.0
P189,2025-12-01,12,367.0,472.0
P190,2025-01-01,1,86.0,81.0
P190,2025-02-01,2,86.0,74.0
P190,2025-03-01,3,86.0,69.0
P190,2025-04-01,4,86.0,74.0
P190,2025-05-01,5,86.0,76.0
P190,2025-06-01,6,86.0,107.0
P190,2025-07-01,7,86.0,90.0
P190,2025-08-01,8,86.0,105.0
P190,2025-09-01,9,86.0,102.0
P190,2025-10-01,10,86.0,76.0
P190,2025-11-01,11,86.0,66.0
P190,2025-12-01,12,86.0,70.0
P191,2025-01-01,1,70.0,103.0
P191,2025-02-01,2,70.0,74.0
P191,2025-03-01,3,70.0,86.0
P191,2025-04-01,4,70.0,79.0
P191,2025-05-01,5,70.0,93.0
P191,2025-06-01,6,70.0,87.0
P191,2025-07-01,7,70.0,73.0
P191,2025-08-01,8,70.0,78.0
P191,2025-09-01,9,70.0,78.0
P191,2025-10-01,10,70.0,103.0
P191,2025-11-01,11,70.0,73.0
P191,2025-12-01,12,70.0,82.0
P192,2025-01-01,1,200.0,183.0
P192,2025-02-01,2,200.0,185.0
P192,2025-03-01,3,200.0,153.0
P192,2025-04-01,4,200.0,194.0
P192,2025-05-01,5,200.0,200.0
P192,2025-06-01,6,200.0,204.0
P192,2025-07-01,7,200.0,249.0
P192,2025-08-01,8,200.0,218.0
P192,2025-09-01,9,200.0,155.0
P192,2025-10-01,10,200.0,169.0
P192,2025-11-01,11,200.0,188.0
P192,2025-12-01,12,200.0,145.0
P193,2025-01-01,1,78.0,64.0
P193,2025-02-01,2,78.0,61.0
P193,2025-03-01,3,78.0,90.0
P193,2025-04-01,4,78.0,48.0
P193,2025-05-01,5,78.0,103.0
P193,2025-06-01,6,78.0,112.0
P193,2025-07-01,7,78.0,53.0
P193,2025-08-01,8,78.0,295.0
P193,2025-09-01,9,78.0,81.0
P193,2025-10-01,10,78.0,65.0
P193,2025-11-01,11,78.0,215.0
P193,2025-12-01,12,78.0,92.0
P194,2025-01-01,1,77.0,92.0
P194,2025-02-01,2,77.0,84.0
P194,2025-03-01,3,77.0,72.0
P194,2025-04-01,4,77.0,81.0
P194,2025-05-01,5,77.0,89.0
P194,2025-06-01,6,77.0,104.0
P194,2025-07-01,7,77.0,96.0
P194,2025-08-01,8,77.0,141.0
P194,2025-09-01,9,77.0,107.0
P194,2025-10-01,10,77.0,102.0
P194,2025-11-01,11,77.0,90.0
P194,2025-12-01,12,77.0,80.0
P195,2025-01-01,1,54.0,52.0
P195,2025-02-01,2,54.0,40.0
P195,2025-03-01,3,54.0,50.0
P195,2025-04-01,4,54.0,47.0
P195,2025-05-01,5,54.0,51.0
P195,2025-06-01,6,54.0,49.0
P195,2025-07-01,7,54.0,38.0
P195,2025-08-01,8,54.0,54.0
P195,2025-09-01,9,54.0,46.0
P195,2025-10-01,10,54.0,48.0
P195,2025-11-01,11,54.0,54.0
P195,2025-12-01,12,54.0,55.0
P196,2025-01-01,1,27.0,27.0
P196,2025-02-01,2,27.0,122.0
P196,2025-03-01,3,27.0,26.0
P196,2025-04-01,4,27.0,27.0
P196,2025-05-01,5,27.0,40.0
P196,2025-06-01,6,27.0,63.0
P196,2025-07-01,7,27.0,64.0
P196,2025-08-01,8,27.0,37.0
P196,2025-09-01,9,27.0,39.0
P196,2025-10-01,10,27.0,49.0
P196,2025-11-01,11,27.0,35.0
P196,2025-12-01,12,27.0,47.0
P197,2025-01-01,1,51.0,55.0
P197,2025-02-01,2,51.0,564.0
P197,2025-03-01,3,51.0,137.0
P197,2025-04-01,4,51.0,64.0
P197,2025-05-01,5,51.0,157.0
P197,2025-06-01,6,51.0,190.0
P197,2025-07-01,7,51.0,340.0
P197,2025-08-01,8,51.0,92.0
P197,2025-09-01,9,51.0,186.0
P197,2025-10-01,10,51.0,201.0
P197,2025-11-01,11,51.0,108.0
P197,2025-12-01,12,51.0,88.0
P198,2025-01-01,1,43.0,28.0
P198,2025-02-01,2,43.0,26.0
P198,2025-03-01,3,43.0,29.0
P198,2025-04-01,4,43.0,33.0
P198,2025-05-01,5,43.0,39.0
P198,2025-06-01,6,43.0,42.0
P198,2025-07-01,7,43.0,56.0
P198,2025-08-01,8,43.0,41.0
P198,2025-09-01,9,43.0,33.0
P198,2025-10-01,10,43.0,33.0
P198,2025-11-01,11,43.0,30.0
P198,2025-12-01,12,43.0,35.0
P199,2025-01-01,1,114.0,99.0
P199,2025-02-01,2,114.0,136.0
P199,2025-03-01,3,114.0,79.0
P199,2025-04-01,4,114.0,119.0
P199,2025-05-01,5,114.0,126.0
P199,2025-06-01,6,114.0,171.0
P199,2025-07-01,7,114.0,184.0
P199,2025-08-01,8,114.0,164.0
P199,2025-09-01,9,114.0,150.0
P199,2025-10-01,10,114.0,145.0
P199,2025-11-01,11,114.0,135.0
P199,2025-12-01,12,114.0,87.0
P200,2025-01-01,1,44.0,42.0
P200,2025-02-01,2,44.0,57.0
P200,2025-03-01,3,44.0,50.0
P200,2025-04-01,4,44.0,64.0
P200,2025-05-01,5,44.0,55.0
P200,2025-06-01,6,44.0,49.0
P200,2025-07-01,7,44.0,57.0
P200,2025-08-01,8,44.0,55.0
P200,2025-09-01,9,44.0,37.0
P200,2025-10-01,10,44.0,54.0
P200,2025-11-01,11,44.0,40.0
P200,2025-12-01,12,44.0,30.0
P201,2025-01-01,1,68.0,88.0
P201,2025-02-01,2,68.0,77.0
P201,2025-03-01,3,68.0,74.0
P201,2025-04-01,4,68.0,61.0
P201,2025-05-01,5,68.0,105.0
P201,2025-06-01,6,68.0,64.0
P201,2025-07-01,7,68.0,87.0
P201,2025-08-01,8,68.0,109.0
P201,2025-09-01,9,68.0,82.0
P201,2025-10-01,10,68.0,95.0
P201,2025-11-01,11,68.0,72.0
P201,2025-12-01,12,68.0,64.0
P202,2025-01-01,1,54.0,55.0
P202,2025-02-01,2,54.0,47.0
P202,2025-03-01,3,54.0,62.0
P202,2025-04-01,4,54.0,46.0
P202,2025-05-01,5,54.0,35.0
P202,2025-06-01,6,54.0,53.0
P202,2025-07-01,7,54.0,41.0
P202,2025-08-01,8,54.0,59.0
P202,2025-09-01,9,54.0,67.0
P202,2025-10-01,10,54.0,86.0
P202,2025-11-01,11,54.0,51.0
P202,2025-12-01,12,54.0,31.0
P203,2025-01-01,1,112.0,142.0
P203,2025-02-01,2,112.0,96.0
P203,2025-03-01,3,112.0,122.0
P203,2025-04-01,4,112.0,142.0
P203,2025-05-01,5,112.0,108.0
P203,2025-06-01,6,112.0,190.0
P203,2025-07-01,7,112.0,210.0
P203,2025-08-01,8,112.0,200.0
P203,2025-09-01,9,112.0,126.0
P203,2025-10-01,10,112.0,118.0
P203,2025-11-01,11,112.0,146.0
P203,2025-12-01,12,112.0,138.0
P204,2025-01-01,1,78.0,143.0
P204,2025-02-01,2,78.0,142.0
P204,2025-03-01,3,78.0,119.0
P204,2025-04-01,4,78.0,95.0
P204,2025-05-01,5,78.0,105.0
P204,2025-06-01,6,78.0,101.0
P204,2025-07-01,7,78.0,89.0
P204,2025-08-01,8,78.0,81.0
P204,2025-09-01,9,78.0,89.0
P204,2025-10-01,10,78.0,94.0
P204,2025-11-01,11,78.0,74.0
P204,2025-12-01,12,78.0,130.0
P205,2025-01-01,1,223.0,17.0
P205,2025-02-01,2,223.0,279.0
P205,2025-03-01,3,223.0,283.0
P205,2025-04-01,4,223.0,114.0
P205,2025-05-01,5,223.0,180.0
P205,2025-06-01,6,223.0,917.0
P205,2025-07-01,7,223.0,254.0
P205,2025-08-01,8,223.0,326.0
P205,2025-09-01,9,223.0,1057.0
P205,2025-10-01,10,223.0,221.0
P205,2025-11-01,11,223.0,257.0
P205,2025-12-01,12,223.0,269.0
P206,2025-01-01,1,33.0,32.0
P206,2025-02-01,2,33.0,39.0
P206,2025-03-01,3,33.0,31.0
P206,2025-04-01,4,33.0,30.0
P206,2025-05-01,5,33.0,37.0
P206,2025-06-01,6,33.0,47.0
P206,2025-07-01,7,33.0,49.0
P206,2025-08-01,8,33.0,51.0
P206,2025-09-01,9,33.0,42.0
P206,2025-10-01,10,33.0,44.0
P206,2025-11-01,11,33.0,42.0
P206,2025-12-01,12,33.0,40.0
P207,2025-01-01,1,54.0,87.0
P207,2025-02-01,2,54.0,96.0
P207,2025-03-01,3,54.0,69.0
P207,2025-04-01,4,54.0,70.0
P207,2025-05-01,5,54.0,65.0
P207,2025-06-01,6,54.0,95.0
P207,2025-07-01,7,54.0,72.0
P207,2025-08-01,8,54.0,97.0
P207,2025-09-01,9,54.0,93.0
P207,2025-10-01,10,54.0,86.0
P207,2025-11-01,11,54.0,79.0
P207,2025-12-01,12,54.0,69.0
P208,2025-01-01,1,67.0,62.0
P208,2025-02-01,2,67.0,71.0
P208,2025-03-01,3,67.0,62.0
P208,2025-04-01,4,67.0,65.0
P208,2025-05-01,5,67.0,105.0
P208,2025-06-01,6,67.0,93.0
P208,2025-07-01,7,67.0,102.0
P208,2025-08-01,8,67.0,78.0
P208,2025-09-01,9,67.0,76.0
P208,2025-10-01,10,67.0,58.0
P208,2025-11-01,11,67.0,72.0
P208,2025-12-01,12,67.0,60.0
P209,2025-01-01,1,79.0,88.0
P209,2025-02-01,2,79.0,56.0
P209,2025-03-01,3,79.0,65.0
P209,2025-04-01,4,79.0,73.0
P209,2025-05-01,5,79.0,93.0
P209,2025-06-01,6,79.0,128.0
P209,2025-07-01,7,79.0,125.0
P209,2025-08-01,8,79.0,84.0
P209,2025-09-01,9,79.0,92.0
P209,2025-10-01,10,79.0,82.0
P209,2025-11-01,11,79.0,76.0
P209,2025-12-01,12,79.0,85.0
P210,2025-01-01,1,184.0,200.0
P210,2025-02-01,2,184.0,261.0
P210,2025-03-01,3,184.0,251.0
P210,2025-04-01,4,184.0,87.0
P210,2025-05-01,5,184.0,149.0
P210,2025-06-01,6,184.0,737.0
P210,2025-07-01,7,184.0,248.0
P210,2025-08-01,8,184.0,212.0
P210,2025-09-01,9,184.0,190.0
P210,2025-10-01,10,184.0,230.0
P210,2025-11-01,11,184.0,191.0
P210,2025-12-01,12,184.0,229.0
P211,2025-01-01,1,89.0,129.0
P211,2025-02-01,2,89.0,87.0
P211,2025-03-01,3,89.0,95.0
P211,2025-04-01,4,89.0,129.0
P211,2025-05-01,5,89.0,99.0
P211,2025-06-01,6,89.0,142.0
P211,2025-07-01,7,89.0,112.0
P211,2025-08-01,8,89.0,115.0
P211,2025-09-01,9,89.0,103.0
P211,2025-10-01,10,89.0,114.0
P211,2025-11-01,11,89.0,78.0
P211,2025-12-01,12,89.0,53.0
P212,2025-01-01,1,36.0,26.0
P212,2025-02-01,2,36.0,31.0
P212,2025-03-01,3,36.0,23.0
P212,2025-04-01,4,36.0,32.0
P212,2025-05-01,5,36.0,40.0
P212,2025-06-01,6,36.0,48.0
P212,2025-07-01,7,36.0,48.0
P212,2025-08-01,8,36.0,38.0
P212,2025-09-01,9,36.0,44.0
P212,2025-10-01,10,36.0,25.0
P212,2025-11-01,11,36.0,34.0
P212,2025-12-01,12,36.0,32.0
P213,2025-01-01,1,108.0,115.0
P213,2025-02-01,2,108.0,98.0
P213,2025-03-01,3,108.0,107.0
P213,2025-04-01,4,108.0,93.0
P213,2025-05-01,5,108.0,96.0
P213,2025-06-01,6,108.0,62.0
P213,2025-07-01,7,108.0,91.0
P213,2025-08-01,8,108.0,88.0
P213,2025-09-01,9,108.0,64.0
P213,2025-10-01,10,108.0,111.0
P213,2025-11-01,11,108.0,111.0
P213,2025-12-01,12,108.0,104.0
P214,2025-01-01,1,105.0,136.0
P214,2025-02-01,2,105.0,45.0
P214,2025-03-01,3,105.0,70.0
P214,2025-04-01,4,105.0,56.0
P214,2025-05-01,5,105.0,97.0
P214,2025-06-01,6,105.0,85.0
P214,2025-07-01,7,105.0,25.0
P214,2025-08-01,8,105.0,39.0
P214,2025-09-01,9,105.0,66.0
P214,2025-10-01,10,105.0,26.0
P214,2025-11-01,11,105.0,153.0
P214,2025-12-01,12,105.0,77.0
P215,2025-01-01,1,42.0,48.0
P215,2025-02-01,2,42.0,57.0
P215,2025-03-01,3,42.0,55.0
P215,2025-04-01,4,42.0,54.0
P215,2025-05-01,5,42.0,55.0
P215,2025-06-01,6,42.0,66.0
P215,2025-07-01,7,42.0,60.0
P215,2025-08-01,8,42.0,55.0
P215,2025-09-01,9,42.0,48.0
P215,2025-10-01,10,42.0,60.0
P215,2025-11-01,11,42.0,38.0
P215,2025-12-01,12,42.0,47.0
P216,2025-01-01,1,124.0,121.0
P216,2025-02-01,2,124.0,104.0
P216,2025-03-01,3,124.0,155.0
P216,2025-04-01,4,124.0,122.0
P216,2025-05-01,5,124.0,161.0
P216,2025-06-01,6,124.0,142.0
P216,2025-07-01,7,124.0,151.0
P216,2025-08-01,8,124.0,135.0
P216,2025-09-01,9,124.0,146.0
P216,2025-10-01,10,124.0,130.0
P216,2025-11-01,11,124.0,140.0
P216,2025-12-01,12,124.0,130.0
P217,2025-01-01,1,61.0,55.0
P217,2025-02-01,2,61.0,68.0
P217,2025-03-01,3,61.0,38.0
P217,2025-04-01,4,61.0,52.0
P217,2025-05-01,5,61.0,58.0
P217,2025-06-01,6,61.0,52.0
P217,2025-07-01,7,61.0,45.0
P217,2025-08-01,8,61.0,51.0
P217,2025-09-01,9,61.0,61.0
P217,2025-10-01,10,61.0,33.0
P217,2025-11-01,11,61.0,57.0
P217,2025-12-01,12,61.0,61.0
P218,2025-01-01,1,64.0,72.0
P218,2025-02-01,2,64.0,53.0
P218,2025-03-01,3,64.0,41.0
P218,2025-04-01,4,64.0,41.0
P218,2025-05-01,5,64.0,55.0
P218,2025-06-01,6,64.0,54.0
P218,2025-07-01,7,64.0,62.0
P218,2025-08-01,8,64.0,56.0
P218,2025-09-01,9,64.0,57.0
P218,2025-10-01,10,64.0,53.0
P218,2025-11-01,11,64.0,70.0
P218,2025-12-01,12,64.0,47.0
P219,2025-01-01,1,89.0,77.0
P219,2025-02-01,2,89.0,86.0
P219,2025-03-01,3,89.0,79.0
P219,2025-04-01,4,89.0,62.0
P219,2025-05-01,5,89.0,59.0
P219,2025-06-01,6,89.0,105.0
P219,2025-07-01,7,89.0,106.0
P219,2025-08-01,8,89.0,128.0
P219,2025-09-01,9,89.0,89.0
P219,2025-10-01,10,89.0,65.0
P219,2025-11-01,11,89.0,60.0
P219,2025-12-01,12,89.0,68.0
P220,2025-01-01,1,102.0,120.0
P220,2025-02-01,2,102.0,113.0
P220,2025-03-01,3,102.0,127.0
P220,2025-04-01,4,102.0,113.0
P220,2025-05-01,5,102.0,88.0
P220,2025-06-01,6,102.0,76.0
P220,2025-07-01,7,102.0,102.0
P220,2025-08-01,8,102.0,109.0
P220,2025-09-01,9,102.0,126.0
P220,2025-10-01,10,102.0,96.0
P220,2025-11-01,11,102.0,137.0
P220,2025-12-01,12,102.0,137.0
P221,2025-01-01,1,96.0,93.0
P221,2025-02-01,2,96.0,117.0
P221,2025-03-01,3,96.0,95.0
P221,2025-04-01,4,96.0,91.0
P221,2025-05-01,5,96.0,117.0
P221,2025-06-01,6,96.0,101.0
P221,2025-07-01,7,96.0,111.0
P221,2025-08-01,8,96.0,120.0
P221,2025-09-01,9,96.0,108.0
P221,2025-10-01,10,96.0,116.0
P221,2025-11-01,11,96.0,94.0
P221,2025-12-01,12,96.0,127.0
P222,2025-01-01,1,87.0,78.0
P222,2025-02-01,2,87.0,95.0
P222,2025-03-01,3,87.0,67.0
P222,2025-04-01,4,87.0,53.0
P222,2025-05-01,5,87.0,56.0
P222,2025-06-01,6,87.0,60.0
P222,2025-07-01,7,87.0,68.0
P222,2025-08-01,8,87.0,72.0
P222,2025-09-01,9,87.0,68.0
P222,2025-10-01,10,87.0,68.0
P222,2025-11-01,11,87.0,71.0
P222,2025-12-01,12,87.0,88.0
P223,2025-01-01,1,62.0,34.0
P223,2025-02-01,2,62.0,49.0
P223,2025-03-01,3,62.0,49.0
P223,2025-04-01,4,62.0,66.0
P223,2025-05-01,5,62.0,42.0
P223,2025-06-01,6,62.0,46.0
P223,2025-07-01,7,62.0,49.0
P223,2025-08-01,8,62.0,66.0
P223,2025-09-01,9,62.0,54.0
P223,2025-10-01,10,62.0,60.0
P223,2025-11-01,11,62.0,66.0
P223,2025-12-01,12,62.0,45.0
P224,2025-01-01,1,48.0,47.0
P224,2025-02-01,2,48.0,66.0
P224,2025-03-01,3,48.0,31.0
P224,2025-04-01,4,48.0,37.0
P224,2025-05-01,5,48.0,31.0
P224,2025-06-01,6,48.0,29.0
P224,2025-07-01,7,48.0,35.0
P224,2025-08-01,8,48.0,30.0
P224,2025-09-01,9,48.0,36.0
P224,2025-10-01,10,48.0,37.0
P224,2025-11-01,11,48.0,35.0
P224,2025-12-01,12,48.0,56.0
P225,2025-01-01,1,73.0,61.0
P225,2025-02-01,2,73.0,76.0
P225,2025-03-01,3,73.0,44.0
P225,2025-04-01,4,73.0,57.0
P225,2025-05-01,5,73.0,23.0
P225,2025-06-01,6,73.0,39.0
P225,2025-07-01,7,73.0,86.0
P225,2025-08-01,8,73.0,51.0
P225,2025-09-01,9,73.0,51.0
P225,2025-10-01,10,73.0,61.0
P225,2025-11-01,11,73.0,42.0
P225,2025-12-01,12,73.0,1.0
P226,2025-01-01,1,44.0,44.0
P226,2025-02-01,2,44.0,37.0
P226,2025-03-01,3,44.0,47.0
P226,2025-04-01,4,44.0,37.0
P226,2025-05-01,5,44.0,42.0
P226,2025-06-01,6,44.0,34.0
P226,2025-07-01,7,44.0,40.0
P226,2025-08-01,8,44.0,40.0
P226,2025-09-01,9,44.0,58.0
P226,2025-10-01,10,44.0,34.0
P226,2025-11-01,11,44.0,42.0
P226,2025-12-01,12,44.0,35.0
P227,2025-01-01,1,46.0,77.0
P227,2025-02-01,2,46.0,91.0
P227,2025-03-01,3,46.0,69.0
P227,2025-04-01,4,46.0,63.0
P227,2025-05-01,5,46.0,75.0
P227,2025-06-01,6,46.0,91.0
P227,2025-07-01,7,46.0,100.0
P227,2025-08-01,8,46.0,96.0
P227,2025-09-01,9,46.0,68.0
P227,2025-10-01,10,46.0,78.0
P227,2025-11-01,11,46.0,60.0
P227,2025-12-01,12,46.0,69.0
P228,2025-01-01,1,215.0,269.0
P228,2025-02-01,2,215.0,216.0
P228,2025-03-01,3,215.0,154.0
P228,2025-04-01,4,215.0,195.0
P228,2025-05-01,5,215.0,240.0
P228,2025-06-01,6,215.0,315.0
P228,2025-07-01,7,215.0,295.0
P228,2025-08-01,8,215.0,213.0
P228,2025-09-01,9,215.0,217.0
P228,2025-10-01,10,215.0,227.0
P228,2025-11-01,11,215.0,233.0
P228,2025-12-01,12,215.0,184.0
P229,2025-01-01,1,40.0,56.0
P229,2025-02-01,2,40.0,47.0
P229,2025-03-01,3,40.0,51.0
P229,2025-04-01,4,40.0,49.0
P229,2025-05-01,5,40.0,44.0
P229,2025-06-01,6,40.0,49.0
P229,2025-07-01,7,40.0,52.0
P229,2025-08-01,8,40.0,35.0
P229,2025-09-01,9,40.0,47.0
P229,2025-10-01,10,40.0,45.0
P229,2025-11-01,11,40.0,45.0
P229,2025-12-01,12,40.0,53.0
P230,2025-01-01,1,44.0,64.0
P230,2025-02-01,2,44.0,48.0
P230,2025-03-01,3,44.0,54.0
P230,2025-04-01,4,44.0,54.0
P230,2025-05-01,5,44.0,68.0
P230,2025-06-01,6,44.0,47.0
P230,2025-07-01,7,44.0,57.0
P230,2025-08-01,8,44.0,48.0
P230,2025-09-01,9,44.0,72.0
P230,2025-10-01,10,44.0,55.0
P230,2025-11-01,11,44.0,67.0
P230,2025-12-01,12,44.0,70.0
P231,2025-01-01,1,28.0,21.0
P231,2025-02-01,2,28.0,23.0
P231,2025-03-01,3,28.0,27.0
P231,2025-04-01,4,28.0,30.0
P231,2025-05-01,5,28.0,29.0
P231,2025-06-01,6,28.0,26.0
P231,2025-07-01,7,28.0,29.0
P231,2025-08-01,8,28.0,31.0
P231,2025-09-01,9,28.0,31.0
P231,2025-10-01,10,28.0,27.0
P231,2025-11-01,11,28.0,23.0
P231,2025-12-01,12,28.0,24.0
P232,2025-01-01,1,69.0,116.0
P232,2025-02-01,2,69.0,106.0
P232,2025-03-01,3,69.0,77.0
P232,2025-04-01,4,69.0,61.0
P232,2025-05-01,5,69.0,87.0
P232,2025-06-01,6,69.0,86.0
P232,2025-07-01,7,69.0,85.0
P232,2025-08-01,8,69.0,100.0
P232,2025-09-01,9,69.0,83.0
P232,2025-10-01,10,69.0,87.0
P232,2025-11-01,11,69.0,99.0
P232,2025-12-01,12,69.0,92.0
P233,2025-01-01,1,27.0,26.0
P233,2025-02-01,2,27.0,28.0
P233,2025-03-01,3,27.0,32.0
P233,2025-04-01,4,27.0,30.0
P233,2025-05-01,5,27.0,25.0
P233,2025-06-01,6,27.0,13.0
P233,2025-07-01,7,27.0,35.0
P233,2025-08-01,8,27.0,33.0
P233,2025-09-01,9,27.0,31.0
P233,2025-10-01,10,27.0,35.0
P233,2025-11-01,11,27.0,27.0
P233,2025-12-01,12,27.0,30.0
P234,2025-01-01,1,51.0,45.0
P234,2025-02-01,2,51.0,38.0
P234,2025-03-01,3,51.0,41.0
P234,2025-04-01,4,51.0,40.0
P234,2025-05-01,5,51.0,46.0
P234,2025-06-01,6,51.0,55.0
P234,2025-07-01,7,51.0,44.0
P234,2025-08-01,8,51.0,70.0
P234,2025-09-01,9,51.0,46.0
P234,2025-10-01,10,51.0,53.0
P234,2025-11-01,11,51.0,45.0
P234,2025-12-01,12,51.0,51.0
P235,2025-01-01,1,110.0,104.0
P235,2025-02-01,2,110.0,127.0
P235,2025-03-01,3,110.0,141.0
P235,2025-04-01,4,110.0,120.0
P235,2025-05-01,5,110.0,126.0
P235,2025-06-01,6,110.0,109.0
P235,2025-07-01,7,110.0,113.0
P235,2025-08-01,8,110.0,127.0
P235,2025-09-01,9,110.0,118.0
P235,2025-10-01,10,110.0,149.0
P235,2025-11-01,11,110.0,147.0
P235,2025-12-01,12,110.0,129.0
P236,2025-01-01,1,27.0,34.0
P236,2025-02-01,2,27.0,33.0
P236,2025-03-01,3,27.0,29.0
P236,2025-04-01,4,27.0,30.0
P236,2025-05-01,5,27.0,39.0
P236,2025-06-01,6,27.0,39.0
P236,2025-07-01,7,27.0,38.0
P236,2025-08-01,8,27.0,26.0
P236,2025-09-01,9,27.0,34.0
P236,2025-10-01,10,27.0,39.0
P236,2025-11-01,11,27.0,34.0
P236,2025-12-01,12,27.0,34.0
P237,2025-01-01,1,64.0,103.0
P237,2025-02-01,2,64.0,66.0
P237,2025-03-01,3,64.0,73.0
P237,2025-04-01,4,64.0,88.0
P237,2025-05-01,5,64.0,75.0
P237,2025-06-01,6,64.0,65.0
P237,2025-07-01,7,64.0,89.0
P237,2025-08-01,8,64.0,76.0
P237,2025-09-01,9,64.0,75.0
P237,2025-10-01,10,64.0,79.0
P237,2025-11-01,11,64.0,75.0
P237,2025-12-01,12,64.0,74.0
P238,2025-01-01,1,146.0,150.0
P238,2025-02-01,2,146.0,151.0
P238,2025-03-01,3,146.0,98.0
P238,2025-04-01,4,146.0,118.0
P238,2025-05-01,5,146.0,116.0
P238,2025-06-01,6,146.0,99.0
P238,2025-07-01,7,146.0,121.0
P238,2025-08-01,8,146.0,130.0
P238,2025-09-01,9,146.0,116.0
P238,2025-10-01,10,146.0,116.0
P238,2025-11-01,11,146.0,103.0
P238,2025-12-01,12,146.0,180.0
P239,2025-01-01,1,206.0,173.0
P239,2025-02-01,2,206.0,125.0
P239,2025-03-01,3,206.0,134.0
P239,2025-04-01,4,206.0,185.0
P239,2025-05-01,5,206.0,142.0
P239,2025-06-01,6,206.0,139.0
P239,2025-07-01,7,206.0,303.0
P239,2025-08-01,8,206.0,212.0
P239,2025-09-01,9,206.0,139.0
P239,2025-10-01,10,206.0,150.0
P239,2025-11-01,11,206.0,54.0
P239,2025-12-01,12,206.0,236.0
P240,2025-01-01,1,47.0,33.0
P240,2025-02-01,2,47.0,36.0
P240,2025-03-01,3,47.0,39.0
P240,2025-04-01,4,47.0,46.0
P240,2025-05-01,5,47.0,50.0
P240,2025-06-01,6,47.0,64.0
P240,2025-07-01,7,47.0,43.0
P240,2025-08-01,8,47.0,44.0
P240,2025-09-01,9,47.0,37.0
P240,2025-10-01,10,47.0,43.0
P240,2025-11-01,11,47.0,43.0
P240,2025-12-01,12,47.0,38.0
P241,2025-01-01,1,50.0,58.0
P241,2025-02-01,2,50.0,48.0
P241,2025-03-01,3,50.0,62.0
P241,2025-04-01,4,50.0,61.0
P241,2025-05-01,5,50.0,45.0
P241,2025-06-01,6,50.0,68.0
P241,2025-07-01,7,50.0,61.0
P241,2025-08-01,8,50.0,56.0
P241,2025-09-01,9,50.0,64.0
P241,2025-10-01,10,50.0,48.0
P241,2025-11-01,11,50.0,56.0
P241,2025-12-01,12,50.0,67.0
P242,2025-01-01,1,144.0,286.0
P242,2025-02-01,2,144.0,110.0
P242,2025-03-01,3,144.0,255.0
P242,2025-04-01,4,144.0,232.0
P242,2025-05-01,5,144.0,325.0
P242,2025-06-01,6,144.0,429.0
P242,2025-07-01,7,144.0,340.0
P242,2025-08-01,8,144.0,675.0
P242,2025-09-01,9,144.0,655.0
P242,2025-10-01,10,144.0,192.0
P242,2025-11-01,11,144.0,109.0
P242,2025-12-01,12,144.0,143.0
P243,2025-01-01,1,74.0,98.0
P243,2025-02-01,2,74.0,100.0
P243,2025-03-01,3,74.0,75.0
P243,2025-04-01,4,74.0,77.0
P243,2025-05-01,5,74.0,65.0
P243,2025-06-01,6,74.0,57.0
P243,2025-07-01,7,74.0,99.0
P243,2025-08-01,8,74.0,74.0
P243,2025-09-01,9,74.0,107.0
P243,2025-10-01,10,74.0,61.0
P243,2025-11-01,11,74.0,48.0
P243,2025-12-01,12,74.0,86.0
P244,2025-01-01,1,48.0,51.0
P244,2025-02-01,2,48.0,38.0
P244,2025-03-01,3,48.0,37.0
P244,2025-04-01,4,48.0,33.0
P244,2025-05-01,5,48.0,48.0
P244,2025-06-01,6,48.0,45.0
P244,2025-07-01,7,48.0,44.0
P244,2025-08-01,8,48.0,44.0
P244,2025-09-01,9,48.0,43.0
P244,2025-10-01,10,48.0,39.0
P244,2025-11-01,11,48.0,44.0
P244,2025-12-01,12,48.0,36.0
P245,2025-01-01,1,39.0,35.0
P245,2025-02-01,2,39.0,42.0
P245,2025-03-01,3,39.0,30.0
P245,2025-04-01,4,39.0,35.0
P245,2025-05-01,5,39.0,45.0
P245,2025-06-01,6,39.0,44.0
P245,2025-07-01,7,39.0,42.0
P245,2025-08-01,8,39.0,43.0
P245,2025-09-01,9,39.0,43.0
P245,2025-10-01,10,39.0,46.0
P245,2025-11-01,11,39.0,46.0
P245,2025-12-01,12,39.0,29.0
P246,2025-01-01,1,23.0,43.0
P246,2025-02-01,2,23.0,81.0
P246,2025-03-01,3,23.0,40.0
P246,2025-04-01,4,23.0,49.0
P246,2025-05-01,5,23.0,37.0
P246,2025-06-01,6,23.0,34.0
P246,2025-07-01,7,23.0,166.0
P246,2025-08-01,8,23.0,40.0
P246,2025-09-01,9,23.0,43.0
P246,2025-10-01,10,23.0,36.0
P246,2025-11-01,11,23.0,48.0
P246,2025-12-01,12,23.0,32.0
P247,2025-01-01,1,41.0,67.0
P247,2025-02-01,2,41.0,90.0
P247,2025-03-01,3,41.0,44.0
P247,2025-04-01,4,41.0,47.0
P247,2025-05-01,5,41.0,82.0
P247,2025-06-01,6,41.0,39.0
P247,2025-07-01,7,41.0,66.0
P247,2025-08-01,8,41.0,43.0
P247,2025-09-01,9,41.0,68.0
P247,2025-10-01,10,41.0,48.0
P247,2025-11-01,11,41.0,80.0
P247,2025-12-01,12,41.0,65.0
P248,2025-01-01,1,126.0,150.0
P248,2025-02-01,2,126.0,151.0
P248,2025-03-01,3,126.0,188.0
P248,2025-04-01,4,126.0,89.0
P248,2025-05-01,5,126.0,76.0
P248,2025-06-01,6,126.0,115.0
P248,2025-07-01,7,126.0,169.0
P248,2025-08-01,8,126.0,343.0
P248,2025-09-01,9,126.0,94.0
P248,2025-10-01,10,126.0,159.0
P248,2025-11-01,11,126.0,176.0
P248,2025-12-01,12,126.0,116.0
P249,2025-01-01,1,94.0,100.0
P249,2025-02-01,2,94.0,93.0
P249,2025-03-01,3,94.0,103.0
P249,2025-04-01,4,94.0,104.0
P249,2025-05-01,5,94.0,137.0
P249,2025-06-01,6,94.0,136.0
P249,2025-07-01,7,94.0,147.0
P249,2025-08-01,8,94.0,186.0
P249,2025-09-01,9,94.0,137.0
P249,2025-10-01,10,94.0,114.0
P249,2025-11-01,11,94.0,123.0
P249,2025-12-01,12,94.0,134.0
P250,2025-01-01,1,41.0,43.0
P250,2025-02-01,2,41.0,40.0
P250,2025-03-01,3,41.0,35.0
P250,2025-04-01,4,41.0,45.0
P250,2025-05-01,5,41.0,31.0
P250,2025-06-01,6,41.0,52.0
P250,2025-07-01,7,41.0,52.0
P250,2025-08-01,8,41.0,47.0
P250,2025-09-01,9,41.0,48.0
P250,2025-10-01,10,41.0,43.0
P250,2025-11-01,11,41.0,35.0
P250,2025-12-01,12,41.0,29.0
