ProductID,Product_name,Type,2023-01,2023-02,2023-03,2023-04,2023-05,2023-06,2023-07,2023-08,2023-09,2023-10,2023-11,2023-12,2024-01,2024-02,2024-03,2024-04,2024-05,2024-06,2024-07,2024-08,2024-09,2024-10,2024-11,2024-12
P001,Product 001,Sales,56,47,43,40,50,72,66,62,43,52,58,43,53,35,44,55,44,61,81,59,46,53,63,47
P001,Product 001,Inventory_level,219,172,129,89,39,237,171,109,66,14,274,231,178,143,99,44,0,229,148,89,43,366,303,256
P002,Product 002,Sales,34,29,34,29,28,32,37,34,39,27,28,33,44,37,28,33,35,31,37,33,32,41,25,29
P002,Product 002,Inventory_level,200,171,137,108,80,48,11,240,201,174,146,113,69,32,4,265,230,199,162,129,97,56,31,2
P003,Product 003,Sales,67,62,68,55,57,59,61,82,78,64,68,51,65,68,78,70,71,70,70,53,63,82,76,72
P003,Product 003,Inventory_level,232,170,102,47,302,243,182,100,22,328,260,209,144,76,306,236,165,95,25,326,263,181,105,33
P004,Product 004,Sales,98,111,108,144,95,138,117,143,137,111,128,116,117,113,133,124,166,175,160,100,106,143,116,130
P004,Product 004,Inventory_level,518,407,299,155,790,652,535,392,255,144,800,684,567,454,321,197,31,703,543,443,337,194,78,682
P005,Product 005,Sales,35,31,31,29,30,40,36,36,29,28,39,29,36,27,33,31,30,38,26,37,36,31,36,29
P005,Product 005,Inventory_level,100,69,38,173,143,103,67,31,191,163,124,95,59,32,155,124,94,56,30,151,115,84,48,19
P006,Product 006,Sales,27,35,47,29,39,34,34,38,52,36,61,55,61,34,58,37,64,62,40,45,164,19,67,76
P006,Product 006,Inventory_level,139,104,57,28,139,105,71,33,124,88,27,173,112,78,20,189,125,63,23,202,38,353,286,210
P007,Product 007,Sales,91,101,72,78,57,74,72,70,88,59,71,91,80,89,80,47,76,64,59,63,75,61,83,99
P007,Product 007,Inventory_level,399,298,226,148,91,17,506,436,348,289,218,127,47,608,528,481,405,341,282,219,144,83,0,530
P008,Product 008,Sales,143,233,167,93,137,148,234,107,161,164,94,141,104,46,237,138,432,217,168,232,94,98,52,121
P008,Product 008,Inventory_level,528,295,128,35,1049,901,667,560,399,235,141,0,853,807,570,432,0,1938,1770,1538,1444,1346,1294,1173
P009,Product 009,Sales,70,89,71,94,86,125,86,96,110,92,68,100,70,85,79,73,113,154,127,152,93,88,88,72
P009,Product 009,Inventory_level,523,434,363,269,183,58,789,693,583,491,423,323,253,168,89,644,531,377,250,98,1165,1077,989,917
P010,Product 010,Sales,81,86,91,75,78,61,103,97,79,78,44,86,86,89,74,73,64,88,94,92,81,75,66,70
P010,Product 010,Inventory_level,206,120,29,301,223,162,59,287,208,130,86,0,200,111,37,297,233,145,51,289,208,133,67,295
P011,Product 011,Sales,63,67,71,70,54,57,48,56,58,55,54,67,66,62,47,60,55,70,42,53,53,54,66,37
P011,Product 011,Inventory_level,308,241,170,100,46,447,399,343,285,230,176,109,43,421,374,314,259,189,147,94,41,336,270,233
P012,Product 012,Sales,84,70,95,81,119,100,101,123,84,106,92,82,84,123,92,88,91,127,84,106,53,78,96,103
P012,Product 012,Inventory_level,464,394,299,218,99,691,590,467,383,277,185,103,675,552,460,372,281,154,70,671,618,540,444,341
P013,Product 013,Sales,125,158,60,168,119,196,173,114,130,167,101,205,141,121,53,96,280,139,330,170,47,92,32,92
P013,Product 013,Inventory_level,399,241,181,13,541,345,172,58,735,568,467,262,121,0,941,845,565,426,96,1177,1130,1038,1006,914
P014,Product 014,Sales,23,30,26,25,36,33,26,30,29,31,28,21,26,28,30,25,31,28,27,24,32,32,34,33
P014,Product 014,Inventory_level,166,136,110,85,49,16,213,183,154,123,95,74,48,20,167,142,111,83,56,32,190,158,124,91
P015,Product 015,Sales,102,122,84,60,125,89,118,111,98,108,85,104,112,91,98,109,125,105,98,103,124,96,102,97
P015,Product 015,Inventory_level,615,493,409,349,224,135,17,794,696,588,503,399,287,196,98,796,671,566,468,365,241,145,43,808
P016,Product 016,Sales,55,65,59,61,74,86,90,83,50,65,68,77,62,50,57,69,62,95,87,118,89,55,73,68
P016,Product 016,Inventory_level,286,221,162,101,27,332,242,159,109,44,377,300,238,188,131,62,0,298,211,93,4,539,466,398
P017,Product 017,Sales,43,47,46,54,53,45,37,40,57,43,51,37,54,65,41,55,53,58,50,53,53,56,45,53
P017,Product 017,Inventory_level,136,89,43,172,119,74,37,179,122,79,28,194,140,75,34,194,141,83,33,198,145,89,44,198
P018,Product 018,Sales,29,34,34,37,31,27,30,27,31,26,34,33,31,30,29,37,36,31,27,25,32,28,33,29
P018,Product 018,Inventory_level,106,72,38,166,135,108,78,51,20,143,109,76,45,15,146,109,73,42,15,149,117,89,56,27
P019,Product 019,Sales,25,35,26,31,41,50,40,47,28,30,39,39,36,32,37,33,39,46,40,51,32,38,29,31
P019,Product 019,Inventory_level,144,109,83,52,11,159,119,72,44,14,187,148,112,80,43,10,178,132,92,41,284,246,217,186
P020,Product 020,Sales,137,169,154,199,205,308,193,292,197,154,187,215,217,197,149,184,207,268,253,261,179,197,174,185
P020,Product 020,Inventory_level,932,763,609,410,205,1201,1008,716,519,365,178,1222,1005,808,659,475,268,0,1381,1120,941,744,570,385
P021,Product 021,Sales,53,51,35,42,53,62,44,61,44,53,44,47,44,50,40,49,58,74,72,53,53,50,49,50
P021,Product 021,Inventory_level,152,101,66,24,187,125,81,20,256,203,159,112,68,18,216,167,109,35,268,215,162,112,63,13
P022,Product 022,Sales,26,39,39,40,20,41,48,52,37,31,42,37,33,30,36,42,37,50,50,51,35,30,43,38
P022,Product 022,Inventory_level,139,100,61,21,199,158,110,58,21,221,179,142,109,79,43,168,131,81,31,211,176,146,103,65
P023,Product 023,Sales,51,50,53,57,60,72,50,66,61,43,37,52,60,56,51,54,44,66,80,87,52,64,45,44
P023,Product 023,Inventory_level,136,86,33,182,122,50,0,200,139,96,59,7,126,70,19,190,146,80,0,185,133,69,24,197
P024,Product 024,Sales,49,49,49,45,50,65,50,70,49,48,40,42,46,57,48,44,47,73,65,72,53,36,48,48
P024,Product 024,Inventory_level,110,61,12,165,115,50,0,179,130,82,42,184,138,81,33,193,146,73,8,184,131,95,47,184
P025,Product 025,Sales,72,75,87,70,85,89,89,94,70,78,57,80,63,76,59,77,90,99,89,96,82,62,77,66
P025,Product 025,Inventory_level,249,174,87,17,322,233,144,50,436,358,301,221,158,82,23,278,188,89,0,423,341,279,202,136
P026,Product 026,Sales,151,169,150,159,208,182,158,218,143,171,121,169,157,162,170,169,136,154,164,129,185,212,174,153
P026,Product 026,Inventory_level,540,371,221,62,654,472,314,96,886,715,594,425,268,106,753,584,448,294,130,759,574,362,188,35
P027,Product 027,Sales,44,33,42,47,56,52,40,50,47,49,48,52,51,57,51,63,55,62,56,46,61,61,29,48
P027,Product 027,Inventory_level,260,227,185,138,82,30,356,306,259,210,162,110,59,359,308,245,190,128,72,26,352,291,262,214
P028,Product 028,Sales,93,83,78,68,87,72,60,72,70,61,80,69,75,62,69,79,68,67,94,74,78,78,71,75
P028,Product 028,Inventory_level,364,281,203,135,48,524,464,392,322,261,181,112,37,503,434,355,287,220,126,52,523,445,374,299
P029,Product 029,Sales,35,28,39,32,35,40,36,47,31,38,39,31,38,36,39,40,46,40,41,47,29,37,39,30
P029,Product 029,Inventory_level,220,192,153,121,86,46,10,263,232,194,155,124,86,50,11,274,228,188,147,100,71,34,301,271
P030,Product 030,Sales,159,150,142,163,175,180,194,202,163,164,207,163,152,140,180,157,174,228,247,245,176,159,161,169
P030,Product 030,Inventory_level,533,383,241,78,664,484,290,88,887,723,516,353,201,61,642,485,311,83,770,525,349,190,29,690
P031,Product 031,Sales,79,75,79,214,8,106,69,88,293,89,64,51,103,59,73,95,70,38,104,83,51,92,186,202
P031,Product 031,Inventory_level,387,312,233,19,874,768,699,611,318,229,165,114,11,465,392,297,227,189,85,2,480,388,202,0
P032,Product 032,Sales,40,33,33,42,40,41,35,32,34,42,36,43,25,43,40,50,32,34,44,31,33,31,42,37
P032,Product 032,Inventory_level,92,59,26,127,87,46,177,145,111,69,33,142,117,74,34,130,98,64,20,138,105,74,32,139
P033,Product 033,Sales,112,94,101,113,136,117,58,117,89,137,124,115,120,124,107,126,99,131,77,164,116,105,176,131
P033,Product 033,Inventory_level,678,584,483,370,234,117,1038,921,832,695,571,456,336,212,105,918,819,688,611,447,331,226,50,983
P034,Product 034,Sales,137,122,167,114,136,166,144,185,121,151,139,134,118,128,157,169,155,163,149,118,188,133,156,125
P034,Product 034,Inventory_level,560,438,271,157,829,663,519,334,213,62,842,708,590,462,305,136,890,727,578,460,272,139,863,738
P035,Product 035,Sales,61,82,73,65,84,45,56,88,86,61,87,71,79,78,93,85,80,81,74,81,97,78,81,77
P035,Product 035,Inventory_level,464,382,309,244,160,115,59,469,383,322,235,164,85,7,523,438,358,277,203,122,25,622,541,464
P036,Product 036,Sales,27,32,34,30,41,33,30,27,33,30,35,30,33,24,27,32,38,34,35,34,27,29,42,34
P036,Product 036,Inventory_level,81,49,15,112,71,38,8,122,89,59,24,126,93,69,42,10,85,51,16,126,99,70,28,127
P037,Product 037,Sales,217,584,380,127,383,257,132,68,224,218,212,188,333,251,136,97,9,336,88,185,164,173,232,135
P037,Product 037,Inventory_level,584,0,510,383,0,1375,1243,1175,951,733,521,333,0,1204,1068,971,962,626,538,353,189,747,515,380
P038,Product 038,Sales,157,41,65,161,103,93,111,38,142,64,94,66,188,226,147,98,83,454,50,110,110,59,100,83
P038,Product 038,Inventory_level,270,229,164,3,436,343,232,194,52,574,480,414,226,0,1147,1049,966,512,462,352,242,183,83,0
P039,Product 039,Sales,174,181,144,101,136,129,145,111,83,116,134,97,178,125,131,117,117,82,124,95,100,130,137,121
P039,Product 039,Inventory_level,740,559,415,314,178,49,885,774,691,575,441,344,166,41,978,861,744,662,538,443,343,213,76,941
P040,Product 040,Sales,62,202,33,52,40,75,58,39,81,188,65,38,22,40,64,65,56,184,51,44,71,52,111,53
P040,Product 040,Inventory_level,248,46,358,306,266,191,133,94,13,243,178,140,118,78,14,246,190,6,670,626,555,503,392,339
P041,Product 041,Sales,59,40,40,55,57,58,57,54,63,65,54,64,42,62,48,58,52,71,84,79,69,61,51,63
P041,Product 041,Inventory_level,182,142,102,47,217,159,102,48,270,205,151,87,45,253,205,147,95,24,244,165,96,35,336,273
P042,Product 042,Sales,131,24,42,79,66,82,37,31,56,96,65,50,211,106,53,157,40,85,224,118,75,78,89,90
P042,Product 042,Inventory_level,188,164,122,43,221,139,102,71,15,129,64,379,168,62,624,467,427,342,118,0,816,738,649,559
P043,Product 043,Sales,105,144,132,155,124,132,131,109,90,114,148,134,143,107,131,100,126,133,124,149,114,167,147,133
P043,Product 043,Inventory_level,781,637,505,350,226,94,1063,954,864,750,602,468,325,218,87,1007,881,748,624,475,361,194,47,1058
P044,Product 044,Sales,81,62,88,69,133,114,168,48,29,72,272,93,192,34,71,52,58,97,90,198,248,58,48,114
P044,Product 044,Inventory_level,309,247,159,90,396,282,114,66,700,628,356,263,71,1153,1082,1030,972,875,785,587,339,281,233,119
P045,Product 045,Sales,39,52,32,30,28,30,41,20,35,29,49,53,39,42,33,38,41,33,31,37,32,34,36,40
P045,Product 045,Inventory_level,141,89,57,27,228,198,157,137,102,73,24,199,160,118,85,47,6,198,167,130,98,64,28,197
P046,Product 046,Sales,66,85,71,79,184,96,90,59,110,119,84,88,58,61,84,39,78,113,41,87,94,76,65,83
P046,Product 046,Inventory_level,419,334,263,184,0,790,700,641,531,412,328,240,182,121,37,475,397,284,243,156,62,508,443,360
P047,Product 047,Sales,277,311,57,151,164,215,269,172,172,81,189,171,117,424,169,171,220,8,219,301,142,195,119,372
P047,Product 047,Inventory_level,311,0,597,446,282,67,506,334,162,901,712,541,424,0,1223,1052,832,824,605,304,162,852,733,361
P048,Product 048,Sales,22,140,87,122,62,64,100,83,216,35,76,43,152,60,5,63,71,93,80,73,71,67,78,56
P048,Product 048,Inventory_level,227,87,0,355,293,229,129,46,161,126,50,444,292,232,227,164,93,0,231,158,87,20,225,169
P049,Product 049,Sales,67,81,70,51,86,85,109,98,60,51,69,100,82,81,66,48,73,74,119,91,80,66,72,71
P049,Product 049,Inventory_level,384,303,233,182,96,11,425,327,267,216,147,47,483,402,336,288,215,141,22,554,474,408,336,265
P050,Product 050,Sales,30,31,38,26,34,49,57,46,38,31,32,30,27,35,33,28,48,55,51,37,41,31,33,41
P050,Product 050,Inventory_level,150,119,81,55,21,172,115,69,31,0,203,173,146,111,78,50,2,167,116,79,38,7,195,154
P051,Product 051,Sales,27,40,35,25,39,30,38,27,24,33,26,32,33,25,20,25,33,22,37,31,33,32,34,30
P051,Product 051,Inventory_level,167,127,92,67,28,233,195,168,144,111,85,53,20,210,190,165,132,110,73,42,9,215,181,151
P052,Product 052,Sales,48,51,45,44,40,50,91,84,46,45,44,60,51,59,43,57,37,51,64,63,51,44,48,37
P052,Product 052,Inventory_level,290,239,194,150,110,60,329,245,199,154,110,50,400,341,298,241,204,153,89,26,454,410,362,325
P053,Product 053,Sales,49,68,75,65,59,80,49,71,71,64,50,56,74,50,72,58,66,59,64,56,46,51,51,50
P053,Product 053,Inventory_level,202,134,59,316,257,177,128,57,320,256,206,150,76,26,256,198,132,73,9,271,225,174,123,73
P054,Product 054,Sales,85,65,59,72,84,89,102,88,76,72,56,74,65,72,78,89,67,113,88,81,98,70,67,90
P054,Product 054,Inventory_level,423,358,299,227,143,54,611,523,447,375,319,245,180,108,30,517,450,337,249,168,70,0,678,588
P055,Product 055,Sales,51,89,62,69,66,95,80,72,62,70,87,71,75,67,59,69,86,92,75,73,82,75,79,60
P055,Product 055,Inventory_level,475,386,324,255,189,94,14,590,528,458,371,300,225,158,99,30,466,374,299,226,144,69,609,549
P056,Product 056,Sales,415,454,531,117,179,180,172,159,276,132,99,186,154,248,205,580,193,391,242,180,72,220,152,171
P056,Product 056,Inventory_level,454,0,435,318,139,1616,1444,1285,1009,877,778,592,438,190,1164,584,391,0,2633,2453,2381,2161,2009,1838
P057,Product 057,Sales,67,79,67,67,47,49,67,75,67,59,58,75,57,76,74,82,92,64,66,67,66,51,59,70
P057,Product 057,Inventory_level,243,164,97,30,342,293,226,151,84,25,306,231,174,98,24,289,197,133,67,0,289,238,179,109
P058,Product 058,Sales,94,119,152,142,149,179,126,118,162,110,107,133,117,120,128,125,103,143,171,138,131,118,76,126
P058,Product 058,Inventory_level,337,218,66,412,263,84,587,469,307,197,90,463,346,226,98,461,358,215,44,464,333,215,139,449
P059,Product 059,Sales,87,87,57,72,63,63,46,78,67,64,66,84,93,84,79,56,48,59,63,57,67,65,54,96
P059,Product 059,Inventory_level,265,178,121,49,420,357,311,233,166,102,36,347,254,170,91,549,501,442,379,322,255,190,136,40
P060,Product 060,Sales,183,140,173,154,186,188,204,241,163,162,196,158,92,143,146,158,153,243,240,137,148,183,139,149
P060,Product 060,Inventory_level,616,476,303,149,899,711,507,266,103,1159,963,805,713,570,424,266,113,786,546,409,261,78,876,727
P061,Product 061,Sales,24,35,39,34,40,35,41,40,35,27,23,37,35,28,33,29,41,42,49,40,36,33,46,36
P061,Product 061,Inventory_level,192,157,118,84,44,9,265,225,190,163,140,103,68,40,7,238,197,155,106,66,30,334,288,252
P062,Product 062,Sales,45,44,41,49,44,73,65,70,67,31,47,43,51,54,51,49,53,71,63,79,50,61,39,50
P062,Product 062,Inventory_level,171,127,86,37,219,146,81,11,293,262,215,172,121,67,16,230,177,106,43,279,229,168,129,79
P063,Product 063,Sales,115,117,122,114,125,142,146,173,113,82,89,119,120,136,159,113,154,134,172,154,109,122,126,124
P063,Product 063,Inventory_level,709,592,470,356,231,89,964,791,678,596,507,388,268,132,978,865,711,577,405,251,142,1184,1058,934
P064,Product 064,Sales,70,62,52,59,63,84,77,84,83,64,61,58,58,62,73,71,53,104,75,75,68,84,71,67
P064,Product 064,Inventory_level,367,305,253,194,131,47,523,439,356,292,231,173,115,53,457,386,333,229,154,79,690,606,535,468
P065,Product 065,Sales,104,104,103,122,106,192,142,156,103,105,79,114,113,84,112,124,153,136,114,155,163,111,109,137
P065,Product 065,Inventory_level,397,293,190,68,512,320,178,22,738,633,554,440,327,243,131,524,371,235,121,639,476,365,256,119
P066,Product 066,Sales,99,126,116,87,104,101,104,88,111,195,67,71,38,93,108,102,45,50,136,105,94,373,195,91
P066,Product 066,Inventory_level,346,220,104,703,599,498,394,306,195,0,1324,1253,1215,1122,1014,912,867,817,681,576,482,109,1063,972
P067,Product 067,Sales,131,121,127,125,135,113,138,169,99,125,133,110,124,97,101,116,117,181,133,112,126,119,123,103
P067,Product 067,Inventory_level,273,152,474,349,214,101,462,293,194,69,463,353,229,132,473,357,240,59,480,368,242,123,480,377
P068,Product 068,Sales,164,280,128,46,79,81,114,128,65,102,138,92,82,217,84,80,141,98,111,137,59,129,94,109
P068,Product 068,Inventory_level,341,61,494,448,369,288,174,46,631,529,391,299,217,0,755,675,534,436,325,188,129,0,1079,970
P069,Product 069,Sales,82,90,97,87,101,99,88,93,100,87,113,69,92,111,110,99,78,100,96,104,76,68,81,111
P069,Product 069,Inventory_level,440,350,253,166,65,539,451,358,258,171,58,590,498,387,277,178,100,0,490,386,310,242,161,50
P070,Product 070,Sales,162,176,214,154,174,266,216,239,140,94,175,164,169,155,142,153,186,221,232,188,173,151,147,203
P070,Product 070,Inventory_level,656,480,266,112,1029,763,547,308,168,74,849,685,516,361,219,66,783,562,330,142,1254,1103,956,753
P071,Product 071,Sales,135,144,112,83,103,106,138,121,141,106,105,143,98,131,102,130,131,131,139,100,100,105,103,102
P071,Product 071,Inventory_level,381,237,125,42,507,401,263,142,1,563,458,315,217,86,607,477,346,215,76,647,547,442,339,237
P072,Product 072,Sales,121,149,163,73,116,106,112,110,94,135,128,130,134,106,123,108,138,122,127,109,133,105,162,165
P072,Product 072,Inventory_level,501,352,189,116,0,618,506,396,302,167,39,628,494,388,265,157,19,637,510,401,268,163,1,640
P073,Product 073,Sales,72,101,49,58,23,79,149,97,28,79,78,49,83,55,93,78,85,89,121,113,59,50,41,361
P073,Product 073,Inventory_level,231,130,81,23,351,272,123,26,542,463,385,336,253,198,105,27,323,234,113,0,486,436,395,34
P074,Product 074,Sales,57,50,43,56,47,82,60,75,46,42,52,47,52,67,40,44,52,55,49,56,56,41,41,50
P074,Product 074,Inventory_level,161,111,68,264,217,135,75,0,327,285,233,186,134,67,306,262,210,155,106,50,262,221,180,130
P075,Product 075,Sales,42,47,43,54,45,40,59,62,53,51,48,51,40,40,53,40,63,44,54,40,50,53,47,46
P075,Product 075,Inventory_level,125,78,35,160,115,75,16,148,95,44,220,169,129,89,36,176,113,69,15,190,140,87,40,197
P076,Product 076,Sales,114,111,83,109,76,118,115,140,102,108,104,107,110,95,89,123,103,83,138,126,113,87,92,100
P076,Product 076,Inventory_level,612,501,418,309,233,115,0,715,613,505,401,294,184,89,0,729,626,543,405,279,166,79,861,761
P077,Product 077,Sales,31,32,26,32,33,34,42,37,27,28,25,26,36,24,33,32,38,52,39,42,31,24,27,42
P077,Product 077,Inventory_level,104,72,46,14,132,98,56,19,183,155,130,104,68,44,11,136,98,46,7,183,152,128,101,59
P078,Product 078,Sales,45,72,53,39,38,40,39,39,33,31,38,28,44,36,73,46,65,38,2,29,16,38,27,38
P078,Product 078,Inventory_level,72,0,77,38,263,223,184,145,112,81,43,153,109,73,0,180,115,77,75,46,30,56,29,100
P079,Product 079,Sales,49,34,47,53,46,43,46,38,55,58,34,40,34,51,36,38,43,43,39,52,36,30,48,51
P079,Product 079,Inventory_level,234,200,153,100,54,11,347,309,254,196,162,122,88,37,340,302,259,216,177,125,89,59,11,270
P080,Product 080,Sales,58,48,51,36,59,77,178,53,60,56,48,227,59,41,54,58,36,74,87,83,220,53,30,54
P080,Product 080,Inventory_level,204,156,105,69,10,178,0,591,531,475,427,200,141,100,46,246,210,136,49,296,76,23,589,535
P081,Product 081,Sales,27,43,31,21,40,29,25,27,35,35,33,27,34,32,32,31,30,32,29,34,33,41,26,38
P081,Product 081,Inventory_level,162,119,88,67,27,216,191,164,129,94,61,34,0,190,158,127,97,65,36,2,194,153,127,89
P082,Product 082,Sales,142,171,117,99,430,187,239,291,160,160,259,36,163,90,138,24,60,243,44,266,99,218,216,263
P082,Product 082,Inventory_level,817,646,529,430,0,1696,1457,1166,1006,846,587,551,388,298,160,136,76,430,386,120,21,898,682,419
P083,Product 083,Sales,90,120,81,86,119,116,117,146,123,122,104,111,96,92,99,88,129,116,148,174,110,117,104,100
P083,Product 083,Inventory_level,578,458,377,291,172,56,798,652,529,407,303,192,96,836,737,649,520,404,256,82,1142,1025,921,821
P084,Product 084,Sales,340,84,222,99,140,188,305,122,558,227,230,283,129,192,144,316,248,300,148,555,258,214,229,214
P084,Product 084,Inventory_level,733,649,427,328,188,0,907,785,227,0,1690,1407,1278,1086,942,626,378,78,1661,1106,848,634,405,191
P085,Product 085,Sales,139,194,103,125,140,85,102,106,161,123,144,182,178,168,115,106,90,125,137,127,128,113,96,116
P085,Product 085,Inventory_level,722,528,425,300,160,1061,959,853,692,569,425,243,65,1244,1129,1023,933,808,671,544,416,303,207,91
P086,Product 086,Sales,95,99,102,89,98,134,176,164,171,132,133,102,109,105,129,95,126,177,124,120,115,130,121,138
P086,Product 086,Inventory_level,645,546,444,355,257,123,701,537,366,234,101,1021,912,807,678,583,457,280,156,1038,923,793,672,534
P087,Product 087,Sales,252,228,234,194,280,204,235,249,256,246,224,174,229,259,244,255,215,250,191,219,301,241,279,283
P087,Product 087,Inventory_level,576,348,114,875,595,391,156,868,612,366,142,939,710,451,207,929,714,464,273,932,631,390,111,925
P088,Product 088,Sales,63,49,42,37,50,44,45,50,43,47,34,55,46,60,45,47,42,58,50,44,47,46,61,48
P088,Product 088,Inventory_level,200,151,109,72,22,238,193,143,100,53,19,215,169,109,64,17,280,222,172,128,81,35,252,204
P089,Product 089,Sales,29,32,32,29,33,32,33,36,23,23,35,33,42,40,34,34,35,29,40,34,40,19,26,28
P089,Product 089,Inventory_level,79,47,15,112,79,47,14,111,88,65,30,107,65,25,147,113,78,49,9,115,75,56,30,117
P090,Product 090,Sales,65,46,44,60,61,58,56,58,68,63,66,51,67,57,65,47,48,69,61,78,68,53,69,63
P090,Product 090,Inventory_level,199,153,109,49,240,182,126,68,0,242,176,125,58,1,229,182,134,65,4,224,156,103,34,291
P091,Product 091,Sales,65,115,40,25,60,53,0,75,34,42,68,58,60,52,39,49,20,91,70,96,51,166,68,60
P091,Product 091,Inventory_level,240,125,85,60,0,314,314,239,205,163,95,37,429,377,338,289,269,178,108,12,652,486,418,358
P092,Product 092,Sales,95,103,48,39,58,55,59,88,36,33,195,25,25,55,77,97,64,35,51,39,48,87,82,50
P092,Product 092,Inventory_level,113,10,194,155,97,42,189,101,65,278,83,58,372,317,240,143,79,44,256,217,169,82,0,519
P093,Product 093,Sales,37,35,34,42,38,41,38,35,31,36,41,40,28,48,34,37,39,48,33,33,32,40,42,39
P093,Product 093,Inventory_level,165,130,96,54,241,200,162,127,96,60,19,197,169,121,87,50,253,205,172,139,107,67,25,216
P094,Product 094,Sales,102,85,103,95,101,134,96,102,105,87,91,79,98,95,92,90,108,147,101,163,104,88,106,93
P094,Product 094,Inventory_level,226,141,38,331,230,96,0,392,287,200,109,30,277,182,90,0,272,125,24,338,234,146,40,347
P095,Product 095,Sales,79,98,98,62,94,86,92,115,89,82,83,92,100,77,87,93,95,128,116,136,84,124,82,109
P095,Product 095,Inventory_level,239,141,43,350,256,170,78,328,239,157,74,323,223,146,59,320,225,97,405,269,185,61,440,331
P096,Product 096,Sales,68,59,69,57,87,71,89,73,66,70,68,62,65,49,49,69,88,101,85,103,70,71,66,64
P096,Product 096,Inventory_level,169,110,41,247,160,89,0,273,207,137,69,282,217,168,119,50,186,85,0,276,206,135,69,284
P097,Product 097,Sales,68,60,99,84,73,68,104,60,80,96,72,68,64,91,72,69,60,73,91,89,81,74,73,63
P097,Product 097,Inventory_level,288,228,129,45,378,310,206,146,66,380,308,240,176,85,13,325,265,192,101,12,355,281,208,145
P098,Product 098,Sales,78,74,62,58,66,70,65,52,62,63,52,63,68,67,75,49,64,58,70,72,50,59,53,62
P098,Product 098,Inventory_level,255,181,119,61,385,315,250,198,136,73,378,315,247,180,105,56,377,319,249,177,127,68,379,317
P099,Product 099,Sales,98,356,36,71,97,207,171,106,28,103,181,130,513,70,110,132,147,85,98,112,60,77,43,67
P099,Product 099,Inventory_level,356,0,468,397,300,93,548,442,414,311,130,0,227,157,47,1073,926,841,743,631,571,494,451,384
P100,Product 100,Sales,61,58,66,6,91,40,89,81,54,77,62,67,203,79,88,67,48,60,192,52,93,100,252,23
P100,Product 100,Inventory_level,313,255,189,183,92,52,241,160,106,29,392,325,122,43,658,591,543,483,291,239,146,46,286,263
P101,Product 101,Sales,63,47,64,68,70,70,62,59,71,64,53,60,76,55,62,61,71,88,82,61,67,39,55,42
P101,Product 101,Inventory_level,352,305,241,173,103,33,529,470,399,335,282,222,146,91,29,485,414,326,244,183,116,77,22,414
P102,Product 102,Sales,93,268,338,247,513,152,60,105,85,130,92,112,112,108,106,75,152,115,74,184,85,137,47,91
P102,Product 102,Inventory_level,608,340,2,1392,879,727,667,562,477,347,255,143,814,706,600,525,373,258,184,0,922,785,738,647
P103,Product 103,Sales,107,108,108,133,144,111,119,109,111,125,116,126,112,134,149,134,159,131,110,137,198,148,165,157
P103,Product 103,Inventory_level,493,385,277,144,0,533,414,305,194,69,530,404,292,158,9,535,376,245,135,668,470,322,157,0
P104,Product 104,Sales,113,123,115,135,126,136,161,147,162,168,146,155,139,130,142,164,133,116,153,151,140,155,121,150
P104,Product 104,Inventory_level,513,390,275,140,638,502,341,194,774,606,460,305,166,772,630,466,333,217,64,585,445,290,169,715
P105,Product 105,Sales,43,36,34,48,44,29,37,29,47,42,41,32,35,42,27,45,39,36,38,39,41,32,30,36
P105,Product 105,Inventory_level,201,165,131,83,39,308,271,242,195,153,112,80,45,259,232,187,148,112,74,35,260,228,198,162
P106,Product 106,Sales,44,48,56,48,42,59,68,49,61,59,41,51,38,51,44,52,50,63,64,68,52,44,39,44
P106,Product 106,Inventory_level,269,221,165,117,75,16,300,251,190,131,90,39,357,306,262,210,160,97,33,381,329,285,246,202
P107,Product 107,Sales,33,40,36,23,41,38,52,44,34,37,26,32,36,27,34,28,32,39,27,34,24,26,30,26
P107,Product 107,Inventory_level,129,89,53,30,190,152,100,56,22,247,221,189,153,126,92,64,32,184,157,123,99,73,43,17
P108,Product 108,Sales,79,39,69,54,52,74,87,82,52,53,63,57,46,54,80,55,58,47,69,101,65,61,53,44
P108,Product 108,Inventory_level,237,198,129,75,23,301,214,132,80,27,341,284,238,184,104,49,370,323,254,153,88,27,431,387
P109,Product 109,Sales,83,104,111,94,48,73,89,87,101,54,86,87,94,122,82,91,97,77,78,81,61,77,87,55
P109,Product 109,Inventory_level,219,115,4,311,263,190,101,14,246,192,106,19,230,108,26,333,236,159,81,0,273,196,109,54
P110,Product 110,Sales,42,56,69,59,53,56,72,49,63,35,63,68,57,67,56,52,66,70,45,55,73,48,58,66
P110,Product 110,Inventory_level,181,125,56,221,168,112,40,233,170,135,72,220,163,96,40,230,164,94,49,238,165,117,59,233
P111,Product 111,Sales,199,135,154,226,260,155,152,153,198,157,165,215,270,168,271,232,233,235,193,219,177,212,237,225
P111,Product 111,Inventory_level,1190,1055,901,675,415,260,1821,1668,1470,1313,1148,933,663,495,224,1889,1656,1421,1228,1009,832,620,383,158
P112,Product 112,Sales,47,66,49,55,57,59,50,49,65,43,56,55,46,40,46,65,59,69,52,45,44,51,42,49
P112,Product 112,Inventory_level,289,223,174,119,62,382,332,283,218,175,119,64,382,342,296,231,172,103,51,429,385,334,292,243
P113,Product 113,Sales,36,35,27,43,27,47,45,34,31,38,37,23,27,44,34,31,41,36,27,32,34,41,34,39
P113,Product 113,Inventory_level,195,160,133,90,63,16,245,211,180,142,105,82,55,11,198,167,126,90,63,31,223,182,148,109
P114,Product 114,Sales,81,69,79,108,109,89,94,92,107,77,91,84,79,108,63,75,88,112,102,94,123,91,113,73
P114,Product 114,Inventory_level,575,506,427,319,210,121,846,754,647,570,479,395,316,208,145,70,643,531,429,335,212,121,835,762
P115,Product 115,Sales,59,73,62,114,67,75,86,68,74,72,89,61,81,72,85,70,76,50,71,66,91,72,85,71
P115,Product 115,Inventory_level,332,259,197,83,16,432,346,278,204,132,43,455,374,302,217,147,71,21,346,280,189,117,32,459
P116,Product 116,Sales,78,92,92,98,68,125,124,93,95,79,117,95,119,92,80,90,113,136,128,148,95,97,79,71
P116,Product 116,Inventory_level,247,155,63,316,248,123,388,295,200,121,362,267,148,56,386,296,183,47,373,225,130,530,451,380
P117,Product 117,Sales,82,79,77,58,93,124,88,109,63,62,66,84,70,68,95,78,109,103,119,95,80,80,84,64
P117,Product 117,Inventory_level,202,123,46,307,214,90,2,301,238,176,110,26,241,173,78,0,222,119,0,353,273,193,109,45
P118,Product 118,Sales,67,83,83,81,68,91,88,99,94,83,66,81,92,101,83,74,114,116,71,111,100,68,82,94
P118,Product 118,Inventory_level,345,262,179,98,526,435,347,248,154,71,560,479,387,286,203,129,15,443,372,261,161,93,573,479
P119,Product 119,Sales,30,23,31,32,25,31,32,27,44,20,24,30,31,29,41,37,32,27,26,33,34,30,31,26
P119,Product 119,Inventory_level,159,136,105,73,48,17,196,169,125,105,81,51,20,194,153,116,84,57,31,201,167,137,106,80
P120,Product 120,Sales,53,55,46,50,40,49,48,46,43,43,56,55,44,54,51,45,40,54,38,46,44,61,51,52
P120,Product 120,Inventory_level,108,53,186,136,96,47,187,141,98,55,177,122,78,24,179,134,94,40,190,144,100,39,190,138
P121,Product 121,Sales,299,37,54,86,43,29,46,148,174,55,78,278,68,69,59,31,132,70,57,42,60,69,62,91
P121,Product 121,Inventory_level,5,305,251,165,122,93,47,176,2,808,730,452,384,315,256,225,93,23,514,472,412,343,281,190
P122,Product 122,Sales,73,39,56,68,64,58,61,59,78,65,63,37,47,50,73,82,58,61,63,63,47,66,60,68
P122,Product 122,Inventory_level,324,285,229,161,97,39,491,432,354,289,226,189,142,92,19,396,338,277,214,151,104,38,450,382
P123,Product 123,Sales,44,37,51,48,45,45,51,43,43,50,51,52,44,47,40,54,64,52,49,69,46,60,47,77
P123,Product 123,Inventory_level,144,107,56,185,140,95,44,191,148,98,47,189,145,98,58,181,117,65,245,176,130,70,258,181
P124,Product 124,Sales,83,68,70,67,98,112,105,91,89,78,93,70,69,84,72,102,77,81,126,134,92,91,69,69
P124,Product 124,Inventory_level,520,452,382,315,217,105,0,787,698,620,527,457,388,304,232,130,53,645,519,385,293,202,133,64
P125,Product 125,Sales,94,107,110,108,82,95,71,84,83,93,114,141,90,82,77,87,60,73,85,114,77,128,78,128
P125,Product 125,Inventory_level,491,384,274,166,84,693,622,538,455,362,248,107,831,749,672,585,525,452,367,253,176,48,719,591
P126,Product 126,Sales,42,48,38,33,28,39,39,33,46,33,41,52,41,48,47,35,35,41,35,27,27,45,39,53
P126,Product 126,Inventory_level,183,135,97,64,36,230,191,158,112,79,38,268,227,179,132,97,62,21,249,222,195,150,111,58
P127,Product 127,Sales,168,162,124,101,146,118,92,190,138,63,98,79,120,212,162,125,122,94,83,114,106,0,77,162
P127,Product 127,Inventory_level,533,371,247,146,0,992,900,710,572,509,411,332,212,0,973,848,726,632,549,435,329,329,252,90
P128,Product 128,Sales,114,76,101,108,96,116,121,120,91,70,96,98,83,110,85,104,116,89,124,76,108,83,95,111
P128,Product 128,Inventory_level,466,390,289,181,85,685,564,444,353,283,187,89,628,518,433,329,213,124,0,717,609,526,431,320
P129,Product 129,Sales,80,76,85,107,94,112,94,130,97,78,98,93,92,96,75,96,99,158,111,150,101,109,131,101
P129,Product 129,Inventory_level,308,232,147,40,396,284,190,60,525,447,349,256,164,68,464,368,269,111,0,488,387,278,147,46
P130,Product 130,Sales,31,26,26,33,35,27,14,24,22,37,29,25,38,24,31,26,23,26,36,29,34,28,27,29
P130,Product 130,Inventory_level,79,53,27,107,72,45,31,110,88,51,22,117,79,55,24,124,101,75,39,10,99,71,44,15
P131,Product 131,Sales,88,81,96,98,111,87,114,136,83,99,86,73,78,87,77,98,99,103,87,111,115,98,97,94
P131,Product 131,Inventory_level,447,366,270,172,61,687,573,437,354,255,169,96,18,487,410,312,213,110,23,592,477,379,282,188
P132,Product 132,Sales,236,77,46,99,49,63,138,73,61,54,81,103,93,61,114,71,73,34,95,272,55,75,170,102
P132,Product 132,Inventory_level,141,64,437,338,289,226,88,15,506,452,371,268,175,114,0,623,550,516,421,149,94,19,656,554
P133,Product 133,Sales,111,120,89,128,134,128,195,167,154,101,83,118,121,147,103,121,146,174,174,134,145,113,153,135
P133,Product 133,Inventory_level,500,380,291,163,29,605,410,243,89,1025,942,824,703,556,453,332,186,12,724,590,445,332,179,44
P134,Product 134,Sales,185,186,213,136,176,211,200,181,222,193,202,204,271,265,207,195,190,187,182,201,166,165,175,248
P134,Product 134,Inventory_level,1096,910,697,561,385,174,1373,1192,970,777,575,371,100,1644,1437,1242,1052,865,683,482,316,151,1397,1149
P135,Product 135,Sales,265,153,165,161,190,132,181,140,176,182,157,165,212,206,137,163,153,153,156,153,140,167,138,257
P135,Product 135,Inventory_level,598,445,280,119,888,756,575,435,259,77,918,753,541,335,198,35,897,744,588,435,295,128,913,656
P136,Product 136,Sales,70,52,73,86,70,58,68,60,83,60,62,72,87,63,71,69,70,50,59,66,79,69,58,72
P136,Product 136,Inventory_level,377,325,252,166,96,576,508,448,365,305,243,171,84,542,471,402,332,282,223,157,78,488,430,358
P137,Product 137,Sales,62,63,67,53,64,64,84,54,67,48,80,63,69,64,53,69,70,57,68,66,83,77,76,70
P137,Product 137,Inventory_level,358,295,228,175,111,47,387,333,266,218,138,75,456,392,339,270,200,143,75,470,387,310,234,164
P138,Product 138,Sales,106,281,293,71,117,94,106,89,244,101,71,123,100,104,136,82,129,298,124,57,113,24,151,65
P138,Product 138,Inventory_level,574,293,0,2091,1974,1880,1774,1685,1441,1340,1269,1146,1046,942,806,724,595,297,173,116,3,766,615,550
P139,Product 139,Sales,27,31,37,35,39,48,38,61,48,40,36,38,44,33,36,25,42,51,47,55,44,44,31,34
P139,Product 139,Inventory_level,103,72,35,128,89,41,167,106,58,18,183,145,101,68,32,159,117,66,19,153,109,65,34,160
P140,Product 140,Sales,31,29,26,30,35,37,34,44,33,35,42,38,33,29,36,25,30,37,37,36,39,28,37,34
P140,Product 140,Inventory_level,77,48,22,109,74,37,140,96,63,28,138,100,67,38,138,113,83,46,9,113,74,46,9,116
P141,Product 141,Sales,53,50,61,58,48,56,58,70,56,55,59,47,58,44,71,54,52,67,46,47,51,49,66,44
P141,Product 141,Inventory_level,132,82,21,185,137,81,23,170,114,59,243,196,138,94,23,201,149,82,36,212,161,112,46,225
P142,Product 142,Sales,135,117,105,133,130,148,140,119,102,103,133,130,131,119,143,141,161,136,132,140,124,149,137,139
P142,Product 142,Inventory_level,687,570,465,332,202,54,877,758,656,553,420,290,159,40,787,646,485,349,217,77,907,758,621,482
P143,Product 143,Sales,63,53,98,26,39,45,35,56,74,141,66,46,54,85,32,74,37,56,82,63,95,99,29,52
P143,Product 143,Inventory_level,237,184,86,60,21,306,271,215,141,0,635,589,535,450,418,344,307,251,169,106,11,395,366,314
P144,Product 144,Sales,159,180,137,158,191,168,163,187,85,152,200,143,192,163,148,159,177,166,144,177,149,169,171,145
P144,Product 144,Inventory_level,938,758,621,463,272,104,1325,1138,1053,901,701,558,366,203,1386,1227,1050,884,740,563,414,245,74,1235
P145,Product 145,Sales,31,30,34,29,36,36,36,44,33,30,32,25,18,29,24,32,39,40,31,41,29,36,31,36
P145,Product 145,Inventory_level,104,74,40,11,132,96,60,16,179,149,117,92,74,45,21,110,71,31,0,147,118,82,51,15
P146,Product 146,Sales,35,31,32,28,28,35,30,48,36,25,33,23,33,34,31,33,29,25,45,47,41,30,26,20
P146,Product 146,Inventory_level,154,123,91,63,35,0,200,152,116,91,58,35,2,180,149,116,87,62,17,205,164,134,108,88
P147,Product 147,Sales,63,62,36,60,71,52,106,98,88,53,53,50,58,58,43,52,73,78,110,69,71,54,64,62
P147,Product 147,Inventory_level,329,267,231,171,100,48,371,273,185,132,79,29,340,282,239,187,114,36,403,334,263,209,145,83
P148,Product 148,Sales,106,87,105,121,101,114,131,115,140,116,89,100,110,115,127,94,107,117,117,142,82,122,117,117
P148,Product 148,Inventory_level,677,590,485,364,263,149,919,804,664,548,459,359,249,134,876,782,675,558,441,299,217,95,907,790
P149,Product 149,Sales,63,56,53,61,70,104,75,120,103,67,67,68,71,57,67,64,69,83,84,110,79,77,66,63
P149,Product 149,Inventory_level,284,228,175,114,44,311,236,116,13,546,479,411,340,283,216,152,83,0,405,295,216,139,73,10
P150,Product 150,Sales,6,61,218,203,71,127,108,75,68,46,37,136,34,47,44,115,69,79,66,171,45,17,75,156
P150,Product 150,Inventory_level,279,218,0,278,207,80,642,567,499,453,416,280,246,199,155,40,316,237,171,0,612,595,520,364
P151,Product 151,Sales,65,80,58,53,59,65,51,61,81,69,54,64,60,58,54,81,40,72,59,77,52,69,74,65
P151,Product 151,Inventory_level,272,192,134,81,22,301,250,189,108,39,409,345,285,227,173,92,52,335,276,199,147,78,4,332
P152,Product 152,Sales,31,28,24,23,24,49,33,49,30,31,32,29,31,31,34,23,33,41,40,41,39,23,29,26
P152,Product 152,Inventory_level,104,76,52,29,131,82,49,0,191,160,128,99,68,37,156,133,100,59,19,171,132,109,80,54
P153,Product 153,Sales,76,136,79,135,99,93,185,47,102,154,103,148,149,125,149,115,88,112,171,410,279,164,164,174
P153,Product 153,Inventory_level,605,469,390,255,156,63,537,490,388,234,131,705,556,431,282,167,79,674,503,93,1203,1039,875,701
P154,Product 154,Sales,57,48,42,55,45,45,49,43,44,52,69,47,54,53,35,44,51,36,38,51,52,57,55,47
P154,Product 154,Inventory_level,108,60,18,161,116,71,22,166,122,70,1,176,122,69,34,182,131,95,57,6,123,66,11,185
P155,Product 155,Sales,129,178,123,151,198,103,130,488,121,214,72,18,443,123,124,143,157,274,298,144,94,42,197,99
P155,Product 155,Inventory_level,308,130,7,431,233,130,0,155,34,874,802,784,341,218,94,873,716,442,144,0,961,919,722,623
P156,Product 156,Sales,72,67,49,47,60,65,52,51,58,78,85,66,46,61,34,64,67,68,68,89,57,57,74,75
P156,Product 156,Inventory_level,217,150,101,54,269,204,152,101,43,235,150,84,38,308,274,210,143,75,7,260,203,146,72,312
P157,Product 157,Sales,130,120,81,118,115,192,161,123,125,120,106,119,112,127,121,98,121,177,174,152,135,132,127,98
P157,Product 157,Inventory_level,626,506,425,307,192,0,836,713,588,468,362,243,131,4,722,624,503,326,152,0,1112,980,853,755
P158,Product 158,Sales,125,127,86,69,84,64,60,84,89,63,96,97,102,89,106,89,60,74,111,64,68,72,97,80
P158,Product 158,Inventory_level,165,38,274,205,121,57,289,205,116,53,273,176,74,380,274,185,125,51,239,175,107,35,213,133
P159,Product 159,Sales,68,67,62,57,68,66,90,93,77,56,53,68,52,83,59,54,64,83,88,88,63,67,78,80
P159,Product 159,Inventory_level,385,318,256,199,131,65,488,395,318,262,209,141,89,6,490,436,372,289,201,113,50,624,546,466
P160,Product 160,Sales,78,90,65,71,76,74,73,72,89,82,88,79,96,82,69,64,65,75,81,80,75,64,70,84
P160,Product 160,Inventory_level,466,376,311,240,164,90,611,539,450,368,280,201,105,23,641,577,512,437,356,276,201,137,67,544
P161,Product 161,Sales,33,25,22,26,38,30,34,30,30,30,34,26,29,30,31,33,25,31,34,33,21,26,31,33
P161,Product 161,Inventory_level,129,104,82,56,18,164,130,100,70,40,6,171,142,112,81,48,23,173,139,106,85,59,28,155
P162,Product 162,Sales,82,72,70,84,66,95,95,79,73,51,68,59,74,77,50,55,62,77,102,102,60,69,62,50
P162,Product 162,Inventory_level,159,87,285,201,135,40,274,195,122,71,275,216,142,65,297,242,180,103,1,223,163,94,342,292
P163,Product 163,Sales,91,245,83,357,184,122,0,365,29,232,141,215,136,271,199,184,95,232,297,514,177,73,131,236
P163,Product 163,Inventory_level,989,744,661,304,120,1457,1457,1092,1063,831,690,475,339,68,1322,1138,1043,811,514,0,2978,2905,2774,2538
P164,Product 164,Sales,118,142,176,167,136,100,120,123,155,191,119,125,149,147,119,143,171,104,128,131,167,141,124,100
P164,Product 164,Inventory_level,621,479,303,136,0,882,762,639,484,293,174,49,773,626,507,364,193,89,799,668,501,360,236,136
P165,Product 165,Sales,38,42,41,31,42,42,41,41,33,52,38,47,40,23,41,51,44,43,44,45,54,36,32,42
P165,Product 165,Inventory_level,241,199,158,127,85,43,311,270,237,185,147,100,60,37,292,241,197,154,110,65,11,360,328,286
P166,Product 166,Sales,65,78,85,102,108,100,109,136,98,90,97,92,96,97,80,68,120,130,111,109,103,64,59,71
P166,Product 166,Inventory_level,411,333,248,146,38,530,421,285,187,97,0,497,401,304,224,156,36,446,335,226,123,59,555,484
P167,Product 167,Sales,73,70,72,83,88,74,82,80,82,77,74,73,76,78,63,69,59,68,80,84,57,88,85,110
P167,Product 167,Inventory_level,271,201,129,46,335,261,179,99,17,350,276,203,127,49,367,298,239,171,91,354,297,209,124,14
P168,Product 168,Sales,154,140,107,117,80,98,140,106,111,108,109,120,115,143,107,113,126,104,100,100,95,95,124,108
P168,Product 168,Inventory_level,410,270,163,46,696,598,458,352,241,133,678,558,443,300,193,80,683,579,479,379,284,189,65,589
P169,Product 169,Sales,87,73,69,71,80,106,92,93,97,58,64,84,62,66,72,57,123,78,122,130,73,71,65,64
P169,Product 169,Inventory_level,292,219,150,79,427,321,229,136,39,547,483,399,337,271,199,142,19,448,326,196,123,52,538,474
P170,Product 170,Sales,44,62,27,45,72,110,108,76,73,39,101,24,73,71,79,60,68,126,81,123,97,80,47,61
P170,Product 170,Inventory_level,325,263,236,191,119,9,435,359,286,247,146,122,49,443,364,304,236,110,29,551,454,374,327,266
P171,Product 171,Sales,104,141,154,156,170,179,130,202,145,140,148,141,144,145,112,139,165,183,239,212,183,169,144,149
P171,Product 171,Inventory_level,395,254,100,479,309,130,0,574,429,289,141,0,452,307,195,56,422,239,0,598,415,246,102,617
P172,Product 172,Sales,79,73,58,100,73,49,74,65,74,90,69,66,62,71,71,64,84,73,75,90,86,60,69,74
P172,Product 172,Inventory_level,462,389,331,231,158,109,35,497,423,333,264,198,136,65,530,466,382,309,234,144,58,669,600,526
P173,Product 173,Sales,94,256,153,153,68,237,117,403,161,138,170,181,127,297,77,194,118,132,173,139,128,122,316,183
P173,Product 173,Inventory_level,624,368,215,62,1120,883,766,363,202,64,1299,1118,991,694,617,423,305,173,0,727,599,477,161,1113
P174,Product 174,Sales,141,202,158,365,180,47,80,88,104,90,112,116,74,104,28,122,96,423,654,134,205,137,95,183
P174,Product 174,Inventory_level,269,67,365,0,1061,1014,934,846,742,652,540,424,350,246,218,96,0,0,571,437,232,95,0,430
P175,Product 175,Sales,71,80,47,64,54,49,67,65,45,65,61,70,58,55,73,49,66,77,48,58,62,55,44,67
P175,Product 175,Inventory_level,331,251,204,140,86,37,419,354,309,244,183,113,55,0,439,390,324,247,199,141,79,24,453,386
P176,Product 176,Sales,61,72,78,94,78,41,24,158,238,52,82,43,60,78,64,78,68,145,88,79,126,199,76,57
P176,Product 176,Inventory_level,322,250,172,78,0,687,663,505,267,215,133,90,30,387,323,245,177,32,626,547,421,222,146,89
P177,Product 177,Sales,266,80,499,257,181,212,324,701,253,228,155,208,575,289,178,139,382,194,230,549,74,238,224,234
P177,Product 177,Inventory_level,775,695,196,1631,1450,1238,914,213,2437,2209,2054,1846,1271,982,804,665,283,89,1292,743,669,431,207,1047
P178,Product 178,Sales,66,69,83,71,65,61,59,79,75,73,74,77,79,94,82,60,70,74,60,75,65,47,76,64
P178,Product 178,Inventory_level,201,132,49,269,204,143,84,253,178,105,31,252,173,79,332,272,202,128,68,266,201,154,78,267
P179,Product 179,Sales,41,43,53,59,26,52,51,43,37,26,45,54,38,45,54,59,52,42,31,43,46,53,61,60
P179,Product 179,Inventory_level,196,153,100,41,326,274,223,180,143,117,72,18,232,187,133,74,22,314,283,240,194,141,80,20
P180,Product 180,Sales,38,30,32,42,34,33,29,33,23,33,31,30,28,28,26,36,37,29,32,25,30,34,42,30
P180,Product 180,Inventory_level,117,87,55,13,155,122,93,60,37,4,123,93,65,37,11,114,77,48,16,156,126,92,50,20
P181,Product 181,Sales,106,104,136,116,105,182,123,160,129,148,121,103,117,87,120,111,111,204,171,167,125,149,114,115
P181,Product 181,Inventory_level,304,200,64,410,305,123,0,463,334,186,65,495,378,291,171,60,375,171,0,521,396,247,133,18
P182,Product 182,Sales,68,71,81,79,90,94,75,100,72,79,93,70,67,81,82,80,77,57,84,77,72,71,97,80
P182,Product 182,Inventory_level,325,254,173,94,470,376,301,201,129,50,461,391,324,243,161,81,494,437,353,276,204,133,36,440
P183,Product 183,Sales,47,40,58,37,38,36,27,50,29,31,46,44,40,42,43,53,48,45,33,41,41,42,50,43
P183,Product 183,Inventory_level,147,107,49,12,202,166,139,89,60,29,169,125,85,43,0,162,114,69,36,208,167,125,75,32
P184,Product 184,Sales,94,83,74,79,100,155,106,127,114,102,58,75,93,90,70,96,98,141,141,164,106,101,83,63
P184,Product 184,Inventory_level,428,345,271,192,92,444,338,211,97,690,632,557,464,374,304,208,110,500,359,195,89,811,728,665
P185,Product 185,Sales,71,70,83,85,71,85,68,102,100,72,86,52,96,78,78,74,100,100,106,81,81,75,72,90
P185,Product 185,Inventory_level,322,252,169,84,13,409,341,239,139,67,532,480,384,306,228,154,54,460,354,273,192,117,45,412
P186,Product 186,Sales,30,32,31,26,31,38,34,46,29,29,25,39,33,28,35,28,32,36,41,40,29,33,27,25
P186,Product 186,Inventory_level,132,100,69,43,12,154,120,74,45,16,201,162,129,101,66,38,6,164,123,83,54,21,199,174
P187,Product 187,Sales,90,87,99,117,92,103,119,131,45,133,99,157,75,106,252,128,108,88,144,96,28,111,51,43
P187,Product 187,Inventory_level,574,487,388,271,179,76,795,664,619,486,387,230,155,49,703,575,467,379,235,139,111,0,685,642
P188,Product 188,Sales,123,141,170,122,164,168,111,146,170,147,118,165,138,156,145,170,179,167,160,230,168,186,147,164
P188,Product 188,Inventory_level,627,486,316,194,30,776,665,519,349,202,84,792,654,498,353,183,4,829,669,439,271,85,1108,944
P189,Product 189,Sales,324,389,361,227,235,172,330,243,292,313,366,405,340,422,331,239,247,311,241,221,280,248,301,367
P189,Product 189,Inventory_level,1639,1250,889,662,427,255,1619,1376,1084,771,405,0,2595,2173,1842,1603,1356,1045,804,583,303,55,1756,1389
P190,Product 190,Sales,47,55,64,65,86,94,89,84,90,64,84,67,68,85,77,54,85,97,88,97,80,44,70,86
P190,Product 190,Inventory_level,320,265,201,136,50,390,301,217,127,63,456,389,321,236,159,105,20,359,271,174,94,584,514,428
P191,Product 191,Sales,77,67,97,90,75,68,57,96,89,68,93,73,71,69,78,56,94,81,82,94,82,90,78,70
P191,Product 191,Inventory_level,469,402,305,215,140,72,643,547,458,390,297,224,153,84,579,523,429,348,266,172,90,691,613,543
P192,Product 192,Sales,152,157,155,151,156,225,189,219,174,133,205,148,151,185,170,140,199,181,206,228,156,172,121,200
P192,Product 192,Inventory_level,719,562,407,256,100,801,612,393,219,86,936,788,637,452,282,142,937,756,550,322,166,1176,1055,855
P193,Product 193,Sales,91,97,67,62,55,83,21,87,110,66,47,73,77,30,83,48,46,93,63,36,55,33,65,78
P193,Product 193,Inventory_level,238,141,74,440,385,302,281,194,84,383,336,263,186,156,73,344,298,205,142,106,51,277,212,134
P194,Product 194,Sales,81,68,98,89,91,107,126,87,78,85,63,89,77,60,73,69,86,124,56,89,96,69,92,77
P194,Product 194,Inventory_level,408,340,242,153,62,605,479,392,314,229,166,77,0,497,424,355,269,145,89,0,588,519,427,350
P195,Product 195,Sales,52,53,44,55,49,34,52,44,42,43,47,51,41,57,57,44,52,56,35,46,38,53,58,54
P195,Product 195,Inventory_level,245,192,148,93,44,358,306,262,220,177,130,79,38,308,251,207,155,99,64,18,301,248,190,136
P196,Product 196,Sales,33,32,33,46,49,32,152,85,13,7,26,117,30,29,34,13,26,54,45,60,26,45,37,27
P196,Product 196,Inventory_level,79,47,14,101,52,20,40,267,254,247,221,104,74,45,11,125,99,45,0,284,258,213,176,149
P197,Product 197,Sales,345,153,97,502,109,100,54,159,86,102,79,136,169,132,155,173,143,178,429,138,246,59,388,51
P197,Product 197,Inventory_level,250,97,0,752,643,543,489,330,244,142,63,464,295,163,8,750,607,429,0,1389,1143,1084,696,645
P198,Product 198,Sales,34,39,27,33,37,27,48,46,37,29,29,44,35,36,27,29,34,49,41,52,40,31,32,43
P198,Product 198,Inventory_level,85,46,19,121,84,57,9,114,77,48,19,104,69,33,6,109,75,26,136,84,44,13,146,103
P199,Product 199,Sales,103,188,136,135,158,153,146,198,129,129,127,145,103,126,109,95,130,205,128,165,123,108,106,114
P199,Product 199,Inventory_level,459,271,135,0,645,492,346,148,19,681,554,409,306,180,71,542,412,207,79,689,566,458,352,238
P200,Product 200,Sales,46,38,50,42,46,41,38,59,38,47,43,51,40,53,45,53,48,37,56,44,50,35,55,44
P200,Product 200,Inventory_level,265,227,177,135,89,48,356,297,259,212,169,118,78,25,369,316,268,231,175,131,81,46,339,295
P201,Product 201,Sales,70,88,91,60,65,99,88,112,92,70,84,80,76,84,81,63,111,86,107,94,90,77,70,68
P201,Product 201,Inventory_level,347,259,168,108,523,424,336,224,132,62,528,448,372,288,207,144,33,461,354,260,170,93,550,482
P202,Product 202,Sales,80,165,57,63,63,89,66,175,91,81,64,30,19,59,62,32,56,59,70,80,61,78,65,54
P202,Product 202,Inventory_level,165,0,215,152,89,0,411,236,145,64,0,396,377,318,256,224,168,109,39,269,208,130,65,11
P203,Product 203,Sales,151,117,111,129,154,210,165,174,134,109,141,134,144,132,132,148,103,156,192,190,135,112,158,112
P203,Product 203,Inventory_level,307,190,79,458,304,94,588,414,280,171,30,410,266,134,551,403,300,144,497,307,172,60,486,374
P204,Product 204,Sales,78,89,74,75,80,62,76,83,72,79,96,108,116,121,97,75,87,92,99,113,90,87,81,78
P204,Product 204,Inventory_level,347,258,184,109,29,426,350,267,195,116,20,409,293,172,75,0,510,418,319,206,116,29,531,453
P205,Product 205,Sales,200,87,308,147,242,250,270,243,224,170,707,260,188,271,218,89,232,252,183,126,225,354,479,223
P205,Product 205,Inventory_level,1034,947,639,492,250,0,2134,1891,1667,1497,790,530,342,71,1534,1445,1213,961,778,652,427,73,1243,1020
P206,Product 206,Sales,35,33,32,38,40,66,39,32,49,41,34,33,32,40,49,36,31,42,37,44,32,37,42,33
P206,Product 206,Inventory_level,130,97,65,27,160,94,55,23,205,164,130,97,65,25,153,117,86,44,7,150,118,81,39,194
P207,Product 207,Sales,102,49,81,83,80,81,84,93,92,94,101,96,73,74,71,77,95,74,87,68,78,80,103,54
P207,Product 207,Inventory_level,350,301,220,137,57,466,382,289,197,103,564,468,395,321,250,173,78,494,407,339,261,181,78,547
P208,Product 208,Sales,79,60,58,73,68,63,82,103,83,75,67,55,90,80,61,84,79,87,84,77,78,59,47,67
P208,Product 208,Inventory_level,229,169,111,38,291,228,146,43,375,300,233,178,88,8,324,240,161,74,410,333,255,196,149,82
P209,Product 209,Sales,71,79,76,89,87,136,107,84,89,70,65,79,84,81,61,71,87,97,130,111,62,78,70,79
P209,Product 209,Inventory_level,349,270,194,105,18,389,282,198,109,39,463,384,300,219,158,87,0,352,222,111,49,581,511,432
P210,Product 210,Sales,120,142,16,165,216,146,205,181,181,118,291,146,300,230,136,231,185,197,278,176,246,239,268,184
P210,Product 210,Inventory_level,457,315,299,134,351,205,0,590,409,291,0,714,414,184,48,707,522,325,47,753,507,268,0,948
P211,Product 211,Sales,88,93,54,99,101,121,102,122,105,90,70,71,94,98,71,101,93,118,86,122,95,111,99,89
P211,Product 211,Inventory_level,409,316,262,163,62,454,352,230,125,696,626,555,461,363,292,191,98,511,425,303,208,97,656,567
P212,Product 212,Sales,30,30,31,22,43,56,53,51,37,33,40,38,35,30,34,37,36,40,51,51,35,32,32,36
P212,Product 212,Inventory_level,193,163,132,110,67,11,245,194,157,124,84,46,11,249,215,178,142,102,51,0,305,273,241,205
P213,Product 213,Sales,100,96,84,72,68,99,98,88,114,115,100,95,74,98,93,132,105,98,105,114,90,99,100,108
P213,Product 213,Inventory_level,302,206,122,50,406,307,209,121,7,396,296,201,127,29,383,251,146,48,503,389,299,200,100,476
P214,Product 214,Sales,77,114,74,68,24,46,74,98,57,77,66,76,64,55,54,53,64,271,79,306,57,96,1,105
P214,Product 214,Inventory_level,114,0,138,70,46,0,155,57,0,261,195,119,55,0,388,335,271,0,496,190,133,37,651,546
P215,Product 215,Sales,54,48,43,52,63,57,54,62,56,52,34,40,48,42,57,46,43,43,58,42,59,46,47,42
P215,Product 215,Inventory_level,177,129,86,34,212,155,101,39,274,222,188,148,100,58,220,174,131,88,30,231,172,126,79,37
P216,Product 216,Sales,99,135,135,119,121,142,145,122,135,107,124,95,140,117,160,138,129,174,143,140,95,128,110,124
P216,Product 216,Inventory_level,434,299,164,45,576,434,289,167,32,596,472,377,237,120,549,411,282,108,704,564,469,341,231,107
P217,Product 217,Sales,38,48,46,62,52,52,49,42,58,54,45,46,56,44,51,42,58,42,63,38,38,62,57,61
P217,Product 217,Inventory_level,134,86,40,156,104,52,226,184,126,72,27,192,136,92,41,201,143,101,38,218,180,118,61,0
P218,Product 218,Sales,71,55,61,58,54,54,49,50,63,57,50,60,51,76,66,66,50,51,54,56,53,43,60,64
P218,Product 218,Inventory_level,319,264,203,145,91,37,435,385,322,265,215,155,104,28,465,399,349,298,244,188,135,92,32,388
P219,Product 219,Sales,77,51,69,48,80,72,116,101,80,65,68,70,57,54,64,87,64,92,114,121,75,51,63,89
P219,Product 219,Inventory_level,290,239,170,122,42,367,251,150,70,5,434,364,307,253,189,102,38,379,265,144,69,18,452,363
P220,Product 220,Sales,120,101,129,122,110,104,136,127,141,85,109,109,114,87,120,68,122,92,109,106,81,114,96,102
P220,Product 220,Inventory_level,486,385,256,134,24,644,508,381,240,155,46,610,496,409,289,221,99,628,519,413,332,218,122,20
P221,Product 221,Sales,118,78,77,108,98,103,112,91,85,120,93,103,100,102,78,79,107,80,122,100,70,125,80,96
P221,Product 221,Inventory_level,460,382,305,197,99,661,549,458,373,253,160,57,699,597,519,440,333,253,131,31,668,543,463,367
P222,Product 222,Sales,68,82,60,59,76,49,57,54,53,61,81,81,78,64,67,61,77,53,80,48,57,68,72,87
P222,Product 222,Inventory_level,249,167,107,48,377,328,271,217,164,103,22,333,255,191,124,63,373,320,240,192,135,67,344,257
P223,Product 223,Sales,41,57,51,65,70,60,55,53,65,50,55,64,58,63,64,67,62,60,56,62,63,50,57,62
P223,Product 223,Inventory_level,321,264,213,148,78,18,422,369,304,254,199,135,77,14,386,319,257,197,141,79,16,393,336,274
P224,Product 224,Sales,51,53,32,37,41,36,38,38,29,32,43,50,42,42,25,25,41,16,29,36,38,37,28,48
P224,Product 224,Inventory_level,203,150,118,81,40,4,276,238,209,177,134,84,42,0,356,331,290,274,245,209,171,134,106,58
P225,Product 225,Sales,89,65,51,31,51,20,21,20,52,82,29,37,72,80,53,34,20,43,74,93,50,36,30,73
P225,Product 225,Inventory_level,148,83,32,414,363,343,322,302,250,168,139,102,30,230,177,143,123,80,6,189,139,103,73,0
P226,Product 226,Sales,48,53,60,37,42,42,35,46,43,43,40,46,47,46,41,49,48,41,43,42,36,42,38,44
P226,Product 226,Inventory_level,203,150,90,53,314,272,237,191,148,105,65,19,232,186,145,96,48,287,244,202,166,124,86,42
P227,Product 227,Sales,58,77,64,59,65,67,82,81,70,64,71,76,83,70,56,52,70,95,77,85,73,57,78,46
P227,Product 227,Inventory_level,163,86,22,230,165,98,16,221,151,87,16,215,132,62,313,261,191,96,19,258,185,128,50,283
P228,Product 228,Sales,218,235,199,226,208,332,312,329,240,216,179,177,196,175,260,182,206,313,270,252,228,202,221,215
P228,Product 228,Inventory_level,1035,800,601,375,167,1316,1004,675,435,219,1874,1697,1501,1326,1066,884,678,365,95,1688,1460,1258,1037,822
P229,Product 229,Sales,55,46,48,48,46,38,40,39,44,50,53,34,35,49,53,46,39,41,42,43,61,49,51,40
P229,Product 229,Inventory_level,235,189,141,93,47,341,301,262,218,168,115,81,46,287,234,188,149,108,66,23,259,210,159,119
P230,Product 230,Sales,47,54,53,58,77,57,65,70,42,57,55,45,58,54,39,67,59,58,59,48,65,52,61,44
P230,Product 230,Inventory_level,157,103,50,199,122,65,257,187,145,88,33,195,137,83,44,181,122,64,251,203,138,86,25,220
P231,Product 231,Sales,23,34,30,27,25,21,34,33,31,26,24,27,28,29,31,39,31,29,31,33,35,28,22,28
P231,Product 231,Inventory_level,139,105,75,48,23,168,134,101,70,44,20,158,130,101,70,31,200,171,140,107,72,44,22,166
P232,Product 232,Sales,56,129,70,85,103,78,99,102,114,104,67,93,107,87,102,91,99,116,94,105,96,92,83,69
P232,Product 232,Inventory_level,362,233,163,78,449,371,272,170,56,481,414,321,214,127,25,429,330,214,120,15,446,354,271,202
P233,Product 233,Sales,30,29,28,34,26,22,25,27,32,28,24,25,28,30,44,36,33,28,34,35,31,29,22,27
P233,Product 233,Inventory_level,132,103,75,41,15,172,147,120,88,60,36,11,140,110,66,30,220,192,158,123,92,63,41,14
P234,Product 234,Sales,37,41,44,38,39,48,51,71,37,38,43,42,32,38,43,34,48,50,76,60,46,34,42,51
P234,Product 234,Inventory_level,109,68,24,149,110,62,11,127,90,52,9,127,95,57,14,133,85,35,136,76,30,241,199,148
P235,Product 235,Sales,168,172,148,139,139,89,103,116,131,132,111,199,174,144,83,93,107,108,142,145,140,115,169,110
P235,Product 235,Inventory_level,471,299,151,993,854,765,662,546,415,283,172,725,551,407,324,231,124,587,445,300,160,900,731,621
P236,Product 236,Sales,27,30,27,35,26,26,29,33,36,37,30,26,32,25,36,34,32,23,28,35,34,36,27,27
P236,Product 236,Inventory_level,135,105,78,43,17,169,140,107,71,34,4,188,156,131,95,61,29,6,159,124,90,54,27,0
P237,Product 237,Sales,90,89,64,73,67,75,57,99,81,66,72,78,72,80,82,91,86,74,68,79,78,70,90,64
P237,Product 237,Inventory_level,163,74,291,218,151,76,309,210,129,63,322,244,172,92,10,232,146,72,341,262,184,114,24,279
P238,Product 238,Sales,141,146,124,92,102,110,111,82,106,95,108,143,147,136,116,111,132,87,113,85,98,85,127,146
P238,Product 238,Inventory_level,605,459,335,243,141,883,772,690,584,489,381,238,91,1019,903,792,660,573,460,375,277,192,65,749
P239,Product 239,Sales,142,150,77,152,590,225,233,250,207,161,135,304,122,555,158,129,140,306,158,186,166,106,164,206
P239,Product 239,Inventory_level,969,819,742,590,0,2048,1815,1565,1358,1197,1062,758,636,81,2546,2417,2277,1971,1813,1627,1461,1355,1191,985
P240,Product 240,Sales,33,38,38,41,42,48,54,44,55,38,47,29,43,37,49,45,41,35,57,49,42,40,37,47
P240,Product 240,Inventory_level,112,74,36,143,101,53,176,132,77,39,177,148,105,68,19,147,106,71,14,144,102,62,25,139
P241,Product 241,Sales,44,38,43,48,32,48,59,45,53,47,53,44,50,58,55,47,50,57,45,47,47,53,51,50
P241,Product 241,Inventory_level,254,216,173,125,93,45,291,246,193,146,93,49,338,280,225,178,128,71,26,335,288,235,184,134
P242,Product 242,Sales,205,111,160,264,190,359,96,223,167,199,148,294,125,557,187,150,308,213,807,322,236,204,228,144
P242,Product 242,Inventory_level,766,655,495,231,41,912,816,593,426,227,79,817,692,135,1903,1753,1445,1232,425,103,2553,2349,2121,1977
P243,Product 243,Sales,86,91,103,62,135,47,50,73,39,76,91,78,62,0,67,53,90,59,79,85,64,75,42,74
P243,Product 243,Inventory_level,269,178,75,13,394,347,297,224,185,109,18,354,292,292,225,172,82,23,352,267,203,128,86,12
P244,Product 244,Sales,46,38,52,46,39,47,61,40,55,36,46,51,39,49,31,48,38,45,47,46,54,40,56,48
P244,Product 244,Inventory_level,274,236,184,138,99,52,349,309,254,218,172,121,82,33,375,327,289,244,197,151,97,57,377,329
P245,Product 245,Sales,40,36,38,38,53,40,55,37,38,33,51,48,32,46,38,45,42,46,52,46,42,54,44,39
P245,Product 245,Inventory_level,243,207,169,131,78,38,293,256,218,185,134,86,54,8,266,221,179,133,81,35,335,281,237,198
P246,Product 246,Sales,66,57,23,70,131,57,70,118,41,36,38,15,46,21,28,63,35,33,111,51,37,173,37,23
P246,Product 246,Inventory_level,180,123,100,30,253,196,126,8,542,506,468,453,407,386,358,295,260,227,116,65,28,324,287,264
P247,Product 247,Sales,56,56,95,170,39,239,68,54,19,34,40,107,53,75,25,118,26,40,42,45,61,45,153,41
P247,Product 247,Inventory_level,321,265,170,0,1244,1005,937,883,864,830,790,683,630,555,530,412,386,346,304,259,198,153,0,721
P248,Product 248,Sales,124,444,139,52,115,191,45,184,90,151,51,61,148,166,176,162,142,83,64,45,121,120,86,126
P248,Product 248,Inventory_level,750,306,167,115,0,806,761,577,487,336,285,224,76,608,432,270,128,45,1017,972,851,731,645,519
P249,Product 249,Sales,124,105,115,100,132,166,159,181,154,91,122,97,101,86,109,86,153,165,161,137,153,92,99,94
P249,Product 249,Inventory_level,463,358,243,143,11,541,382,201,47,947,825,728,627,541,432,346,193,28,677,540,387,295,196,102
P250,Product 250,Sales,30,42,38,38,40,46,50,50,48,33,29,28,32,38,36,34,45,33,30,51,48,42,38,41
P250,Product 250,Inventory_level,127,85,47,9,169,123,73,23,221,188,159,131,99,61,25,168,123,90,60,9,153,111,73,32
